// 由 desktop 的 app 图标生成（tools/mk_badge_avatar.py）。
// 这是构建产物：源图在 tachi 仓库里，改动它之后要重新生成。
#include "lvgl.h"

#define BADGE_AVATAR_SIZE 120

static const uint8_t badge_avatar_map[] = {
    0x83, 0x08, 0x83, 0x08, 0x83, 0x08, 0x83, 0x08, 0x83, 0x08, 0x83, 0x08, 0x83, 0x08, 0x83, 0x08,
    0x83, 0x08, 0x83, 0x08, 0x83, 0x08, 0x83, 0x08, 0x83, 0x08, 0x83, 0x08, 0x83, 0x08, 0x83, 0x08,
    0x83, 0x08, 0x83, 0x08, 0x83, 0x08, 0x83, 0x08, 0x83, 0x08, 0x83, 0x08, 0x83, 0x08, 0x83, 0x08,
    0x83, 0x08, 0x83, 0x08, 0x83, 0x08, 0x83, 0x08, 0x83, 0x08, 0x83, 0x08, 0x83, 0x08, 0x83, 0x08,
    0x83, 0x08, 0x83, 0x08, 0x83, 0x08, 0x83, 0x08, 0x83, 0x08, 0x83, 0x08, 0x83, 0x08, 0x83, 0x08,
    0x83, 0x08, 0x83, 0x08, 0x83, 0x08, 0x83, 0x08, 0x83, 0x08, 0x83, 0x08, 0x83, 0x08, 0x83, 0x08,
    0x83, 0x08, 0x83, 0x08, 0x83, 0x08, 0x83, 0x08, 0x83, 0x08, 0x83, 0x08, 0x83, 0x08, 0x83, 0x08,
    0x83, 0x08, 0x83, 0x08, 0x83, 0x08, 0x83, 0x08, 0x83, 0x08, 0x83, 0x08, 0x83, 0x08, 0x83, 0x08,
    0x83, 0x08, 0x83, 0x08, 0x83, 0x08, 0x83, 0x08, 0x83, 0x08, 0x83, 0x08, 0x83, 0x08, 0x83, 0x08,
    0x83, 0x08, 0x83, 0x08, 0x83, 0x08, 0x83, 0x08, 0x83, 0x08, 0x83, 0x08, 0x83, 0x08, 0x83, 0x08,
    0x83, 0x08, 0x83, 0x08, 0x83, 0x08, 0x83, 0x08, 0x83, 0x08, 0x83, 0x08, 0x83, 0x08, 0x83, 0x08,
    0x83, 0x08, 0x83, 0x08, 0x83, 0x08, 0x83, 0x08, 0x83, 0x08, 0x83, 0x08, 0x83, 0x08, 0x83, 0x08,
    0x83, 0x08, 0x83, 0x08, 0x83, 0x08, 0x83, 0x08, 0x83, 0x08, 0x83, 0x08, 0x83, 0x08, 0x83, 0x08,
    0x83, 0x08, 0x83, 0x08, 0x83, 0x08, 0x83, 0x08, 0x83, 0x08, 0x83, 0x08, 0x83, 0x08, 0x83, 0x08,
    0x83, 0x08, 0x83, 0x08, 0x83, 0x08, 0x83, 0x08, 0x83, 0x08, 0x83, 0x08, 0x83, 0x08, 0x83, 0x08,
    0x83, 0x08, 0x83, 0x08, 0x83, 0x08, 0x83, 0x08, 0x83, 0x08, 0x83, 0x08, 0x83, 0x08, 0x83, 0x08,
    0x83, 0x08, 0x83, 0x08, 0x83, 0x08, 0x83, 0x08, 0x83, 0x08, 0x83, 0x08, 0x83, 0x08, 0x83, 0x08,
    0x83, 0x08, 0x83, 0x08, 0x83, 0x08, 0x83, 0x08, 0x83, 0x08, 0x83, 0x08, 0x83, 0x08, 0x83, 0x08,
    0x83, 0x08, 0x83, 0x08, 0x83, 0x08, 0x83, 0x08, 0x83, 0x08, 0x83, 0x08, 0x83, 0x08, 0x83, 0x08,
    0x83, 0x08, 0x83, 0x08, 0x83, 0x08, 0x83, 0x08, 0x83, 0x08, 0x83, 0x08, 0x83, 0x08, 0x83, 0x08,
    0x83, 0x08, 0x83, 0x08, 0x83, 0x08, 0x83, 0x08, 0x83, 0x08, 0x83, 0x08, 0x83, 0x08, 0x83, 0x08,
    0x83, 0x08, 0x83, 0x08, 0x83, 0x08, 0x83, 0x08, 0x83, 0x08, 0x83, 0x08, 0x83, 0x08, 0x83, 0x08,
    0x83, 0x08, 0x83, 0x08, 0x83, 0x08, 0x83, 0x08, 0x83, 0x08, 0x83, 0x08, 0x83, 0x08, 0x83, 0x08,
    0x83, 0x08, 0x83, 0x08, 0x83, 0x08, 0x83, 0x08, 0x83, 0x08, 0x83, 0x08, 0x83, 0x08, 0x83, 0x08,
    0x83, 0x08, 0x83, 0x08, 0x83, 0x08, 0x83, 0x08, 0x83, 0x08, 0x83, 0x08, 0x83, 0x08, 0x83, 0x08,
    0x83, 0x08, 0x83, 0x08, 0x83, 0x08, 0x83, 0x08, 0x83, 0x08, 0x83, 0x08, 0x83, 0x08, 0x83, 0x08,
    0x83, 0x08, 0x83, 0x08, 0x83, 0x08, 0x83, 0x08, 0x83, 0x08, 0x83, 0x08, 0x83, 0x08, 0x83, 0x08,
    0x83, 0x08, 0x83, 0x08, 0x83, 0x08, 0x83, 0x08, 0x83, 0x08, 0x83, 0x08, 0x83, 0x08, 0x83, 0x08,
    0x83, 0x08, 0x83, 0x08, 0x83, 0x08, 0x83, 0x08, 0x83, 0x08, 0x83, 0x08, 0x83, 0x08, 0x83, 0x08,
    0x83, 0x08, 0x83, 0x08, 0x83, 0x08, 0x83, 0x08, 0x83, 0x08, 0x83, 0x08, 0x83, 0x08, 0x83, 0x08,
    0x83, 0x08, 0x83, 0x08, 0x83, 0x08, 0x83, 0x08, 0x83, 0x08, 0x83, 0x08, 0x83, 0x08, 0x83, 0x08,
    0x83, 0x08, 0x83, 0x08, 0x83, 0x08, 0x83, 0x08, 0x83, 0x08, 0x83, 0x08, 0x83, 0x08, 0x83, 0x08,
    0x83, 0x08, 0x83, 0x08, 0x83, 0x08, 0x83, 0x08, 0x83, 0x08, 0x83, 0x08, 0x83, 0x08, 0x83, 0x08,
    0x83, 0x08, 0x83, 0x08, 0x83, 0x08, 0x83, 0x08, 0x83, 0x08, 0x83, 0x08, 0x83, 0x08, 0x83, 0x08,
    0x83, 0x08, 0x83, 0x08, 0x83, 0x08, 0x83, 0x08, 0x83, 0x08, 0x83, 0x08, 0x83, 0x08, 0x83, 0x08,
    0x83, 0x08, 0x83, 0x08, 0x83, 0x08, 0x83, 0x08, 0x83, 0x08, 0x83, 0x08, 0x83, 0x08, 0x83, 0x08,
    0x83, 0x08, 0x83, 0x08, 0x83, 0x08, 0x83, 0x08, 0x83, 0x08, 0x83, 0x08, 0x83, 0x08, 0x83, 0x08,
    0x83, 0x08, 0x83, 0x08, 0x83, 0x08, 0x83, 0x08, 0x83, 0x08, 0x83, 0x08, 0x83, 0x08, 0x83, 0x08,
    0x83, 0x08, 0x83, 0x08, 0x83, 0x08, 0x83, 0x08, 0x83, 0x08, 0x83, 0x08, 0x83, 0x08, 0x83, 0x08,
    0x83, 0x08, 0x83, 0x08, 0x83, 0x08, 0x83, 0x08, 0x83, 0x08, 0x83, 0x08, 0x83, 0x08, 0x83, 0x08,
    0x83, 0x08, 0x83, 0x08, 0x83, 0x08, 0x83, 0x08, 0x83, 0x08, 0x83, 0x08, 0x83, 0x08, 0x83, 0x08,
    0x83, 0x08, 0x83, 0x08, 0x83, 0x08, 0x83, 0x08, 0x83, 0x08, 0x83, 0x08, 0x83, 0x08, 0x83, 0x08,
    0x83, 0x08, 0x83, 0x08, 0x83, 0x08, 0x83, 0x08, 0x83, 0x08, 0x83, 0x08, 0x83, 0x08, 0x83, 0x08,
    0x83, 0x08, 0x83, 0x08, 0x83, 0x08, 0x83, 0x08, 0x83, 0x08, 0x83, 0x08, 0x83, 0x08, 0x83, 0x08,
    0x83, 0x08, 0x83, 0x08, 0x83, 0x08, 0x83, 0x08, 0x83, 0x08, 0x83, 0x08, 0x83, 0x08, 0x83, 0x08,
    0x83, 0x08, 0x83, 0x08, 0x83, 0x08, 0x83, 0x08, 0x83, 0x08, 0x83, 0x08, 0x83, 0x08, 0x83, 0x08,
    0x83, 0x08, 0x83, 0x08, 0x83, 0x08, 0x83, 0x08, 0x83, 0x08, 0x83, 0x08, 0x83, 0x08, 0x83, 0x08,
    0x83, 0x08, 0x83, 0x08, 0x83, 0x08, 0x83, 0x08, 0x83, 0x08, 0x83, 0x08, 0x83, 0x08, 0x83, 0x08,
    0x83, 0x08, 0x83, 0x08, 0x83, 0x08, 0x83, 0x08, 0x83, 0x08, 0x83, 0x08, 0x83, 0x08, 0x83, 0x08,
    0x83, 0x08, 0x83, 0x08, 0x83, 0x08, 0x83, 0x08, 0x83, 0x08, 0x83, 0x08, 0x83, 0x08, 0x83, 0x08,
    0x83, 0x08, 0x83, 0x08, 0x83, 0x08, 0x83, 0x08, 0x83, 0x08, 0x83, 0x08, 0x83, 0x08, 0x83, 0x08,
    0x83, 0x08, 0x83, 0x08, 0x83, 0x08, 0x83, 0x08, 0x83, 0x08, 0x83, 0x08, 0x83, 0x08, 0x83, 0x08,
    0x83, 0x08, 0x83, 0x08, 0x83, 0x08, 0x83, 0x08, 0x83, 0x08, 0x83, 0x08, 0x83, 0x08, 0x83, 0x08,
    0x83, 0x08, 0x83, 0x08, 0x83, 0x08, 0x83, 0x08, 0x83, 0x08, 0x83, 0x08, 0x83, 0x08, 0x83, 0x08,
    0x83, 0x08, 0x83, 0x08, 0x83, 0x08, 0x83, 0x08, 0x83, 0x08, 0x83, 0x08, 0x83, 0x08, 0x83, 0x08,
    0x83, 0x08, 0x83, 0x08, 0x83, 0x08, 0x83, 0x08, 0x83, 0x08, 0x83, 0x08, 0x83, 0x08, 0x83, 0x08,
    0x83, 0x08, 0x83, 0x08, 0x83, 0x08, 0x83, 0x08, 0x83, 0x08, 0x83, 0x08, 0x83, 0x08, 0x83, 0x08,
    0x83, 0x08, 0x83, 0x08, 0x83, 0x08, 0x83, 0x08, 0x83, 0x08, 0x83, 0x08, 0x83, 0x08, 0x83, 0x08,
    0x83, 0x08, 0x83, 0x08, 0x83, 0x08, 0x83, 0x08, 0x83, 0x08, 0x83, 0x08, 0x83, 0x08, 0x83, 0x08,
    0x83, 0x08, 0x83, 0x08, 0x83, 0x08, 0x83, 0x08, 0x83, 0x08, 0x83, 0x08, 0x83, 0x08, 0x83, 0x08,
    0x83, 0x08, 0x83, 0x08, 0x83, 0x08, 0x83, 0x08, 0x83, 0x08, 0x83, 0x08, 0x83, 0x08, 0x83, 0x08,
    0x83, 0x08, 0x83, 0x08, 0x83, 0x08, 0x83, 0x08, 0x83, 0x08, 0x83, 0x08, 0x83, 0x08, 0x83, 0x08,
    0x83, 0x08, 0x83, 0x08, 0x83, 0x08, 0x83, 0x08, 0x83, 0x08, 0x83, 0x08, 0x83, 0x08, 0x83, 0x08,
    0x83, 0x08, 0x83, 0x08, 0x83, 0x08, 0x83, 0x08, 0x83, 0x08, 0x83, 0x08, 0x83, 0x08, 0x83, 0x08,
    0x83, 0x08, 0x83, 0x08, 0x83, 0x08, 0x83, 0x08, 0x83, 0x08, 0x83, 0x08, 0x83, 0x08, 0x83, 0x08,
    0x83, 0x08, 0x83, 0x08, 0x83, 0x08, 0x83, 0x08, 0x83, 0x08, 0x83, 0x08, 0x83, 0x08, 0x83, 0x08,
    0x83, 0x08, 0x83, 0x08, 0x83, 0x08, 0x83, 0x08, 0x83, 0x08, 0x83, 0x08, 0x83, 0x08, 0x83, 0x08,
    0x83, 0x08, 0x83, 0x08, 0x83, 0x08, 0x83, 0x08, 0x83, 0x08, 0x83, 0x08, 0x83, 0x08, 0x83, 0x08,
    0x83, 0x08, 0x83, 0x08, 0x83, 0x08, 0x83, 0x08, 0x83, 0x08, 0x83, 0x08, 0x83, 0x08, 0x83, 0x08,
    0x83, 0x08, 0x83, 0x08, 0x83, 0x08, 0x83, 0x08, 0x83, 0x08, 0x83, 0x08, 0x83, 0x08, 0x83, 0x08,
    0x83, 0x08, 0x83, 0x08, 0x83, 0x08, 0x83, 0x08, 0x83, 0x08, 0x83, 0x08, 0x83, 0x08, 0x83, 0x08,
    0x83, 0x08, 0x83, 0x08, 0x83, 0x08, 0x83, 0x08, 0x83, 0x08, 0x83, 0x08, 0x83, 0x08, 0x83, 0x08,
    0x83, 0x08, 0x83, 0x08, 0x83, 0x08, 0x83, 0x08, 0x83, 0x08, 0x83, 0x08, 0x83, 0x08, 0x83, 0x08,
    0x83, 0x08, 0x83, 0x08, 0x83, 0x08, 0x83, 0x08, 0x83, 0x08, 0x83, 0x08, 0x83, 0x08, 0x83, 0x08,
    0x83, 0x08, 0x83, 0x08, 0x83, 0x08, 0x83, 0x08, 0x83, 0x08, 0x83, 0x08, 0x83, 0x08, 0x83, 0x08,
    0x83, 0x08, 0x83, 0x08, 0x83, 0x08, 0x83, 0x08, 0x83, 0x08, 0x83, 0x08, 0x83, 0x08, 0x83, 0x08,
    0x83, 0x08, 0x83, 0x08, 0x83, 0x08, 0x83, 0x08, 0x83, 0x08, 0x83, 0x08, 0x83, 0x08, 0x83, 0x08,
    0x83, 0x08, 0x83, 0x08, 0x83, 0x08, 0x83, 0x08, 0x83, 0x08, 0x83, 0x08, 0x83, 0x08, 0x83, 0x08,
    0x83, 0x08, 0x83, 0x08, 0x83, 0x08, 0x83, 0x08, 0x83, 0x08, 0x83, 0x08, 0x83, 0x08, 0x83, 0x08,
    0x83, 0x08, 0x83, 0x08, 0x83, 0x08, 0x83, 0x08, 0x83, 0x08, 0x83, 0x08, 0x83, 0x08, 0x83, 0x08,
    0x83, 0x08, 0x83, 0x08, 0x83, 0x08, 0x83, 0x08, 0x83, 0x08, 0x83, 0x08, 0x83, 0x08, 0x83, 0x08,
    0x83, 0x08, 0x83, 0x08, 0x83, 0x08, 0x83, 0x08, 0x83, 0x08, 0x83, 0x08, 0x83, 0x08, 0x83, 0x08,
    0x83, 0x08, 0x83, 0x08, 0x83, 0x08, 0x83, 0x08, 0x83, 0x08, 0x83, 0x08, 0x83, 0x08, 0x83, 0x08,
    0x83, 0x08, 0x83, 0x08, 0x83, 0x08, 0x83, 0x08, 0x83, 0x08, 0x83, 0x08, 0x83, 0x08, 0x83, 0x08,
    0x83, 0x08, 0x83, 0x08, 0x83, 0x08, 0x83, 0x08, 0x83, 0x08, 0x83, 0x08, 0x83, 0x08, 0x83, 0x08,
    0x83, 0x08, 0x83, 0x08, 0x83, 0x08, 0x83, 0x08, 0x83, 0x08, 0x83, 0x08, 0x83, 0x08, 0x83, 0x08,
    0x83, 0x08, 0x83, 0x08, 0x83, 0x08, 0x83, 0x08, 0x83, 0x08, 0x83, 0x08, 0x83, 0x08, 0x83, 0x08,
    0x83, 0x08, 0x83, 0x08, 0x83, 0x08, 0x83, 0x08, 0x83, 0x08, 0x83, 0x08, 0x83, 0x08, 0x83, 0x08,
    0x83, 0x08, 0x83, 0x08, 0x83, 0x08, 0x83, 0x08, 0x83, 0x08, 0x83, 0x08, 0x83, 0x08, 0x83, 0x08,
    0x83, 0x08, 0x83, 0x08, 0x83, 0x08, 0x83, 0x08, 0x83, 0x08, 0x83, 0x08, 0x83, 0x08, 0x83, 0x08,
    0x83, 0x08, 0x83, 0x08, 0x83, 0x08, 0x83, 0x08, 0x83, 0x08, 0x83, 0x08, 0x83, 0x08, 0x83, 0x08,
    0x83, 0x08, 0x83, 0x08, 0x83, 0x08, 0x83, 0x08, 0x83, 0x08, 0x83, 0x08, 0x83, 0x08, 0x83, 0x08,
    0x83, 0x08, 0x83, 0x08, 0x83, 0x08, 0x83, 0x08, 0x83, 0x08, 0x83, 0x08, 0x83, 0x08, 0x83, 0x08,
    0x83, 0x08, 0x83, 0x08, 0x83, 0x08, 0x83, 0x08, 0x83, 0x08, 0x83, 0x08, 0x83, 0x08, 0x83, 0x08,
    0x83, 0x08, 0x83, 0x08, 0x83, 0x08, 0x83, 0x08, 0x83, 0x08, 0x83, 0x08, 0x83, 0x08, 0x83, 0x08,
    0x83, 0x08, 0x83, 0x08, 0x83, 0x08, 0x83, 0x08, 0x83, 0x08, 0x83, 0x08, 0x83, 0x08, 0x83, 0x08,
    0x83, 0x08, 0x83, 0x08, 0x83, 0x08, 0x83, 0x08, 0x83, 0x08, 0x83, 0x08, 0x83, 0x08, 0x83, 0x08,
    0x83, 0x08, 0x83, 0x08, 0x83, 0x08, 0x83, 0x08, 0x83, 0x08, 0x83, 0x08, 0x83, 0x08, 0x83, 0x08,
    0x83, 0x08, 0x83, 0x08, 0x83, 0x08, 0x83, 0x08, 0x83, 0x08, 0x83, 0x08, 0x83, 0x08, 0x83, 0x08,
    0x83, 0x08, 0x83, 0x08, 0x83, 0x08, 0x83, 0x08, 0x83, 0x08, 0x83, 0x08, 0x83, 0x08, 0x83, 0x08,
    0x83, 0x08, 0x83, 0x08, 0x83, 0x08, 0x83, 0x08, 0x83, 0x08, 0x83, 0x08, 0x83, 0x08, 0x83, 0x08,
    0x83, 0x08, 0x83, 0x08, 0x83, 0x08, 0x83, 0x08, 0x83, 0x08, 0x83, 0x08, 0x83, 0x08, 0x83, 0x08,
    0x83, 0x08, 0x83, 0x08, 0x83, 0x08, 0x83, 0x08, 0x83, 0x08, 0x83, 0x08, 0x83, 0x08, 0x83, 0x08,
    0x83, 0x08, 0x83, 0x08, 0x83, 0x08, 0x83, 0x08, 0x83, 0x08, 0x83, 0x08, 0x83, 0x08, 0x83, 0x08,
    0x83, 0x08, 0x83, 0x08, 0x83, 0x08, 0x83, 0x08, 0x83, 0x08, 0x83, 0x08, 0x83, 0x08, 0x83, 0x08,
    0x83, 0x08, 0x83, 0x08, 0x83, 0x08, 0x83, 0x08, 0x83, 0x08, 0x83, 0x08, 0x83, 0x08, 0x83, 0x08,
    0x83, 0x08, 0x83, 0x08, 0x83, 0x08, 0x83, 0x08, 0x83, 0x08, 0x83, 0x08, 0x83, 0x08, 0x83, 0x08,
    0x83, 0x08, 0x83, 0x08, 0x83, 0x08, 0x83, 0x08, 0x83, 0x08, 0x83, 0x08, 0x83, 0x08, 0x83, 0x08,
    0x83, 0x08, 0x83, 0x08, 0x83, 0x08, 0x83, 0x08, 0x83, 0x08, 0x83, 0x08, 0x83, 0x08, 0x83, 0x08,
    0x83, 0x08, 0x83, 0x08, 0x83, 0x08, 0x83, 0x08, 0x83, 0x08, 0x83, 0x08, 0x83, 0x08, 0x83, 0x08,
    0x83, 0x08, 0x83, 0x08, 0x83, 0x08, 0x83, 0x08, 0x83, 0x08, 0x83, 0x08, 0x83, 0x08, 0x83, 0x08,
    0x83, 0x08, 0x83, 0x08, 0x83, 0x08, 0x83, 0x08, 0x83, 0x08, 0x83, 0x08, 0x83, 0x08, 0x83, 0x08,
    0x83, 0x08, 0x83, 0x08, 0x83, 0x08, 0x83, 0x08, 0x83, 0x08, 0x83, 0x08, 0x83, 0x08, 0x83, 0x08,
    0x83, 0x08, 0x83, 0x08, 0x83, 0x08, 0x83, 0x08, 0x83, 0x08, 0x83, 0x08, 0x83, 0x08, 0x83, 0x08,
    0x83, 0x08, 0x83, 0x08, 0x83, 0x08, 0x83, 0x08, 0x83, 0x08, 0x83, 0x08, 0x83, 0x08, 0x83, 0x08,
    0x83, 0x08, 0x83, 0x08, 0x83, 0x08, 0x83, 0x08, 0x83, 0x08, 0x83, 0x08, 0x83, 0x08, 0x83, 0x08,
    0x83, 0x08, 0x83, 0x08, 0x83, 0x08, 0x83, 0x08, 0x83, 0x08, 0x83, 0x08, 0x83, 0x08, 0x83, 0x08,
    0x83, 0x08, 0x83, 0x08, 0x83, 0x08, 0x83, 0x08, 0x83, 0x08, 0x83, 0x08, 0x83, 0x08, 0x83, 0x08,
    0x83, 0x08, 0x83, 0x08, 0x83, 0x08, 0x83, 0x08, 0x83, 0x08, 0x83, 0x08, 0x83, 0x08, 0x83, 0x08,
    0x83, 0x08, 0x83, 0x08, 0x83, 0x08, 0x83, 0x08, 0x83, 0x08, 0x83, 0x08, 0x83, 0x08, 0x83, 0x08,
    0x83, 0x08, 0x83, 0x08, 0x83, 0x08, 0x83, 0x08, 0x83, 0x08, 0x83, 0x08, 0x83, 0x08, 0x83, 0x08,
    0x83, 0x08, 0x83, 0x08, 0x83, 0x08, 0x83, 0x08, 0x83, 0x08, 0x83, 0x08, 0x83, 0x08, 0x83, 0x08,
    0x83, 0x08, 0x83, 0x08, 0x83, 0x08, 0x83, 0x08, 0x83, 0x08, 0x83, 0x08, 0x83, 0x08, 0x83, 0x08,
    0x83, 0x08, 0x83, 0x08, 0x83, 0x08, 0x83, 0x08, 0x83, 0x08, 0x83, 0x08, 0x83, 0x08, 0x83, 0x08,
    0x83, 0x08, 0x83, 0x08, 0x83, 0x08, 0x83, 0x08, 0x83, 0x08, 0x83, 0x08, 0x83, 0x08, 0x83, 0x08,
    0x83, 0x08, 0x83, 0x08, 0x83, 0x08, 0x83, 0x08, 0x83, 0x08, 0x83, 0x08, 0x83, 0x08, 0x83, 0x08,
    0x83, 0x08, 0x83, 0x08, 0x83, 0x08, 0x83, 0x08, 0x83, 0x08, 0x83, 0x08, 0x83, 0x08, 0x83, 0x08,
    0x83, 0x08, 0x83, 0x08, 0x83, 0x08, 0x83, 0x08, 0x83, 0x08, 0x83, 0x08, 0x83, 0x08, 0x83, 0x08,
    0x83, 0x08, 0x83, 0x08, 0x83, 0x08, 0x83, 0x08, 0x83, 0x08, 0x83, 0x08, 0x83, 0x08, 0x83, 0x08,
    0x83, 0x08, 0x83, 0x08, 0x83, 0x08, 0x83, 0x08, 0x83, 0x08, 0x83, 0x08, 0x83, 0x08, 0x83, 0x08,
    0x83, 0x08, 0x83, 0x08, 0x83, 0x08, 0x83, 0x08, 0x83, 0x08, 0x83, 0x08, 0x83, 0x08, 0x83, 0x08,
    0x83, 0x08, 0x83, 0x08, 0x83, 0x08, 0x83, 0x08, 0x83, 0x08, 0x83, 0x08, 0x83, 0x08, 0x83, 0x08,
    0x83, 0x08, 0x83, 0x08, 0x83, 0x08, 0x83, 0x08, 0x83, 0x08, 0x83, 0x08, 0x83, 0x08, 0x83, 0x08,
    0x83, 0x08, 0x83, 0x08, 0x83, 0x08, 0x83, 0x08, 0x83, 0x08, 0x83, 0x08, 0x83, 0x08, 0x83, 0x08,
    0x83, 0x08, 0x83, 0x08, 0x83, 0x08, 0x83, 0x08, 0x83, 0x08, 0x83, 0x08, 0x83, 0x08, 0x83, 0x08,
    0x83, 0x08, 0x83, 0x08, 0x83, 0x08, 0x83, 0x08, 0x83, 0x08, 0x83, 0x08, 0x83, 0x08, 0x83, 0x08,
    0x83, 0x08, 0x83, 0x08, 0x83, 0x08, 0x83, 0x08, 0x83, 0x08, 0x83, 0x08, 0x83, 0x08, 0x83, 0x08,
    0x83, 0x08, 0x83, 0x08, 0x83, 0x08, 0x83, 0x08, 0x83, 0x08, 0x83, 0x08, 0x83, 0x08, 0x83, 0x08,
    0x83, 0x08, 0x83, 0x08, 0x83, 0x08, 0x83, 0x08, 0x83, 0x08, 0x83, 0x08, 0x83, 0x08, 0x83, 0x08,
    0x83, 0x08, 0x83, 0x08, 0x83, 0x08, 0x83, 0x08, 0x83, 0x08, 0x83, 0x08, 0x83, 0x08, 0x83, 0x08,
    0x83, 0x08, 0x83, 0x08, 0x83, 0x08, 0x83, 0x08, 0x83, 0x08, 0x83, 0x08, 0x83, 0x08, 0x83, 0x08,
    0x83, 0x08, 0x83, 0x08, 0x83, 0x08, 0x83, 0x08, 0x83, 0x08, 0x83, 0x08, 0x83, 0x08, 0x83, 0x08,
    0x83, 0x08, 0x83, 0x08, 0x83, 0x08, 0x83, 0x08, 0x83, 0x08, 0x83, 0x08, 0x83, 0x08, 0x83, 0x08,
    0x83, 0x08, 0x83, 0x08, 0x83, 0x08, 0x83, 0x08, 0x83, 0x08, 0x83, 0x08, 0x83, 0x08, 0x83, 0x08,
    0x83, 0x08, 0x83, 0x08, 0x83, 0x08, 0x83, 0x08, 0x83, 0x08, 0x83, 0x08, 0x83, 0x08, 0x83, 0x08,
    0x83, 0x08, 0x83, 0x08, 0x83, 0x08, 0x83, 0x08, 0x83, 0x08, 0x83, 0x08, 0x83, 0x08, 0x83, 0x08,
    0x83, 0x08, 0x83, 0x08, 0x83, 0x08, 0x83, 0x08, 0x83, 0x08, 0x83, 0x08, 0x83, 0x08, 0x83, 0x08,
    0x83, 0x08, 0x83, 0x08, 0x83, 0x08, 0x83, 0x08, 0x83, 0x08, 0x83, 0x08, 0x83, 0x08, 0x83, 0x08,
    0x83, 0x08, 0x83, 0x08, 0x83, 0x08, 0x83, 0x08, 0x83, 0x08, 0x83, 0x08, 0x83, 0x08, 0x83, 0x08,
    0x83, 0x08, 0x83, 0x08, 0x83, 0x08, 0x83, 0x08, 0x83, 0x08, 0x83, 0x08, 0x83, 0x08, 0x83, 0x08,
    0x83, 0x08, 0x83, 0x08, 0x83, 0x08, 0x83, 0x08, 0x83, 0x08, 0x83, 0x08, 0x83, 0x08, 0x83, 0x08,
    0x83, 0x08, 0x83, 0x08, 0x83, 0x08, 0x83, 0x08, 0x83, 0x08, 0x83, 0x08, 0x83, 0x08, 0x83, 0x08,
    0x83, 0x08, 0x83, 0x08, 0x83, 0x08, 0x83, 0x08, 0x83, 0x08, 0x83, 0x08, 0x83, 0x08, 0x83, 0x08,
    0x83, 0x08, 0x83, 0x08, 0x83, 0x08, 0x83, 0x08, 0x83, 0x08, 0x83, 0x08, 0x83, 0x08, 0x83, 0x08,
    0x83, 0x08, 0x83, 0x08, 0x83, 0x08, 0x83, 0x08, 0x83, 0x08, 0x83, 0x08, 0x83, 0x08, 0x83, 0x08,
    0x83, 0x08, 0x83, 0x08, 0x83, 0x08, 0x83, 0x08, 0x83, 0x08, 0x83, 0x08, 0x83, 0x08, 0x83, 0x08,
    0x83, 0x08, 0x83, 0x08, 0x83, 0x08, 0x83, 0x08, 0x83, 0x08, 0x83, 0x08, 0x83, 0x08, 0x83, 0x08,
    0x83, 0x08, 0x83, 0x08, 0x83, 0x08, 0x83, 0x08, 0x83, 0x08, 0x83, 0x08, 0x83, 0x08, 0x83, 0x08,
    0x83, 0x08, 0x83, 0x08, 0x83, 0x08, 0x83, 0x08, 0x83, 0x08, 0x83, 0x08, 0x83, 0x08, 0x83, 0x08,
    0x83, 0x08, 0x83, 0x08, 0x83, 0x08, 0x83, 0x08, 0x83, 0x08, 0x83, 0x08, 0x83, 0x08, 0x83, 0x08,
    0x83, 0x08, 0x83, 0x08, 0x83, 0x08, 0x83, 0x08, 0x83, 0x08, 0x83, 0x08, 0x83, 0x08, 0x83, 0x08,
    0x83, 0x08, 0x83, 0x08, 0x83, 0x08, 0x83, 0x08, 0x83, 0x08, 0x83, 0x08, 0x83, 0x08, 0x83, 0x08,
    0x83, 0x08, 0x83, 0x08, 0x83, 0x08, 0x83, 0x08, 0x83, 0x08, 0x83, 0x08, 0x83, 0x08, 0x83, 0x08,
    0x83, 0x08, 0x83, 0x08, 0x83, 0x08, 0x83, 0x08, 0x83, 0x08, 0x83, 0x08, 0x83, 0x08, 0x83, 0x08,
    0x83, 0x08, 0x83, 0x08, 0x83, 0x08, 0x83, 0x08, 0x83, 0x08, 0x83, 0x08, 0x83, 0x08, 0x83, 0x08,
    0x83, 0x08, 0x83, 0x08, 0x83, 0x08, 0x83, 0x08, 0x83, 0x08, 0x83, 0x08, 0x83, 0x08, 0x83, 0x08,
    0x83, 0x08, 0x83, 0x08, 0x83, 0x08, 0x83, 0x08, 0x83, 0x08, 0x83, 0x08, 0x83, 0x08, 0x83, 0x08,
    0x83, 0x08, 0x83, 0x08, 0x83, 0x08, 0x83, 0x08, 0x83, 0x08, 0x83, 0x08, 0x83, 0x08, 0x83, 0x08,
    0x83, 0x08, 0x83, 0x08, 0x83, 0x08, 0x83, 0x08, 0x83, 0x08, 0x83, 0x08, 0x83, 0x08, 0x83, 0x08,
    0x83, 0x08, 0x83, 0x08, 0x83, 0x08, 0x83, 0x08, 0x83, 0x08, 0x83, 0x08, 0x83, 0x08, 0x83, 0x08,
    0x83, 0x08, 0x83, 0x08, 0x83, 0x08, 0x83, 0x08, 0x83, 0x08, 0x83, 0x08, 0x83, 0x08, 0x83, 0x08,
    0x83, 0x08, 0x83, 0x08, 0x83, 0x08, 0x83, 0x08, 0x83, 0x08, 0x83, 0x08, 0x83, 0x08, 0x83, 0x08,
    0x83, 0x08, 0x83, 0x08, 0x83, 0x08, 0x83, 0x08, 0x83, 0x08, 0x83, 0x08, 0x83, 0x08, 0x83, 0x08,
    0x83, 0x08, 0x83, 0x08, 0x83, 0x08, 0x83, 0x08, 0x83, 0x08, 0x83, 0x08, 0x83, 0x08, 0x83, 0x08,
    0x83, 0x08, 0x83, 0x08, 0x83, 0x08, 0x83, 0x08, 0x83, 0x08, 0x83, 0x08, 0x83, 0x08, 0x83, 0x08,
    0x83, 0x08, 0x83, 0x08, 0x83, 0x08, 0x83, 0x08, 0x83, 0x08, 0x83, 0x08, 0x83, 0x08, 0x83, 0x08,
    0x83, 0x08, 0x83, 0x08, 0x83, 0x08, 0x83, 0x08, 0x83, 0x08, 0x83, 0x08, 0x83, 0x08, 0x83, 0x08,
    0x83, 0x08, 0x83, 0x08, 0x83, 0x08, 0x83, 0x08, 0x83, 0x08, 0x83, 0x08, 0x83, 0x08, 0x83, 0x08,
    0x83, 0x08, 0x83, 0x08, 0x83, 0x08, 0x83, 0x08, 0x83, 0x08, 0x83, 0x08, 0x83, 0x08, 0x83, 0x08,
    0x83, 0x08, 0x83, 0x08, 0x83, 0x08, 0x83, 0x08, 0x83, 0x08, 0x83, 0x08, 0x83, 0x08, 0x83, 0x08,
    0x83, 0x08, 0x83, 0x08, 0x83, 0x08, 0x83, 0x08, 0x83, 0x08, 0x83, 0x08, 0x83, 0x08, 0x83, 0x08,
    0x83, 0x08, 0x83, 0x08, 0x83, 0x08, 0x83, 0x08, 0x83, 0x08, 0x83, 0x08, 0x83, 0x08, 0x83, 0x08,
    0x83, 0x08, 0x83, 0x08, 0x83, 0x08, 0x83, 0x08, 0x83, 0x08, 0x83, 0x08, 0x83, 0x08, 0x83, 0x08,
    0x83, 0x08, 0x83, 0x08, 0x83, 0x08, 0x83, 0x08, 0x83, 0x08, 0x83, 0x08, 0x83, 0x08, 0x83, 0x08,
    0x83, 0x08, 0x83, 0x08, 0x83, 0x08, 0x83, 0x08, 0x83, 0x08, 0x83, 0x08, 0x83, 0x08, 0x83, 0x08,
    0x83, 0x08, 0x83, 0x08, 0x83, 0x08, 0x83, 0x08, 0x83, 0x08, 0x83, 0x08, 0x83, 0x08, 0x83, 0x08,
    0x83, 0x08, 0x83, 0x08, 0x83, 0x08, 0x83, 0x08, 0x83, 0x08, 0x83, 0x08, 0x83, 0x08, 0x83, 0x08,
    0x83, 0x08, 0x83, 0x08, 0x83, 0x08, 0x83, 0x08, 0x83, 0x08, 0x83, 0x08, 0x83, 0x08, 0x83, 0x08,
    0x83, 0x08, 0x83, 0x08, 0x83, 0x08, 0x83, 0x08, 0x83, 0x08, 0x83, 0x08, 0x83, 0x08, 0x83, 0x08,
    0x83, 0x08, 0x83, 0x08, 0x83, 0x08, 0x83, 0x08, 0x83, 0x08, 0x83, 0x08, 0x83, 0x08, 0x83, 0x08,
    0x83, 0x08, 0x83, 0x08, 0x83, 0x08, 0x83, 0x08, 0x83, 0x08, 0x83, 0x08, 0x83, 0x08, 0x83, 0x08,
    0x83, 0x08, 0x83, 0x08, 0x83, 0x08, 0x83, 0x08, 0x83, 0x08, 0x83, 0x08, 0x83, 0x08, 0x83, 0x08,
    0x83, 0x08, 0x83, 0x08, 0x83, 0x08, 0x83, 0x08, 0x83, 0x08, 0x83, 0x08, 0x83, 0x08, 0x83, 0x08,
    0x83, 0x08, 0x83, 0x08, 0x83, 0x08, 0x83, 0x08, 0x83, 0x08, 0x83, 0x08, 0x83, 0x08, 0x83, 0x08,
    0x83, 0x08, 0x83, 0x08, 0x83, 0x08, 0x83, 0x08, 0x83, 0x08, 0x83, 0x08, 0x83, 0x08, 0x83, 0x08,
    0x83, 0x08, 0x83, 0x08, 0x83, 0x08, 0x83, 0x08, 0x83, 0x08, 0x83, 0x08, 0x83, 0x08, 0x83, 0x08,
    0x83, 0x08, 0x83, 0x08, 0x83, 0x08, 0x83, 0x08, 0x83, 0x08, 0x83, 0x08, 0x83, 0x08, 0x83, 0x08,
    0x83, 0x08, 0x83, 0x08, 0x83, 0x08, 0x83, 0x08, 0x83, 0x08, 0x83, 0x08, 0x83, 0x08, 0x83, 0x08,
    0x83, 0x08, 0x83, 0x08, 0x83, 0x08, 0x83, 0x08, 0x83, 0x08, 0x83, 0x08, 0x83, 0x08, 0x83, 0x08,
    0x83, 0x08, 0x83, 0x08, 0x83, 0x08, 0x83, 0x08, 0x83, 0x08, 0x83, 0x08, 0x83, 0x08, 0x83, 0x08,
    0x83, 0x08, 0x83, 0x08, 0x83, 0x08, 0x83, 0x08, 0x83, 0x08, 0x83, 0x08, 0x83, 0x08, 0x83, 0x08,
    0x83, 0x08, 0x83, 0x08, 0x83, 0x08, 0x83, 0x08, 0x83, 0x08, 0x83, 0x08, 0x83, 0x08, 0x83, 0x08,
    0x83, 0x08, 0x83, 0x08, 0x83, 0x08, 0x83, 0x08, 0x83, 0x08, 0x83, 0x08, 0x83, 0x08, 0x83, 0x08,
    0x83, 0x08, 0x83, 0x08, 0x83, 0x08, 0x83, 0x08, 0x83, 0x08, 0x83, 0x08, 0x83, 0x08, 0x83, 0x08,
    0x83, 0x08, 0x83, 0x08, 0x83, 0x08, 0x83, 0x08, 0x83, 0x08, 0x83, 0x08, 0x83, 0x08, 0x83, 0x08,
    0x83, 0x08, 0x83, 0x08, 0x83, 0x08, 0x83, 0x08, 0x83, 0x08, 0x83, 0x08, 0x83, 0x08, 0x83, 0x08,
    0x83, 0x08, 0x83, 0x08, 0x83, 0x08, 0x83, 0x08, 0x83, 0x08, 0x83, 0x08, 0x83, 0x08, 0x83, 0x08,
    0x83, 0x08, 0x83, 0x08, 0x83, 0x08, 0x83, 0x08, 0x83, 0x08, 0x83, 0x08, 0x83, 0x08, 0x83, 0x08,
    0x83, 0x08, 0x83, 0x08, 0x83, 0x08, 0x83, 0x08, 0x83, 0x08, 0x83, 0x08, 0x83, 0x08, 0x83, 0x08,
    0x83, 0x08, 0x83, 0x08, 0x83, 0x08, 0x83, 0x08, 0x83, 0x08, 0x83, 0x08, 0x83, 0x08, 0x83, 0x08,
    0x83, 0x08, 0x83, 0x08, 0x83, 0x08, 0x83, 0x08, 0x83, 0x08, 0x83, 0x08, 0x83, 0x08, 0x83, 0x08,
    0x83, 0x08, 0x83, 0x08, 0x83, 0x08, 0x83, 0x08, 0x83, 0x08, 0x83, 0x08, 0x83, 0x08, 0x83, 0x08,
    0x83, 0x08, 0x83, 0x08, 0x83, 0x08, 0x83, 0x08, 0x83, 0x08, 0x83, 0x08, 0x83, 0x08, 0x83, 0x08,
    0x83, 0x08, 0x83, 0x08, 0x83, 0x08, 0x83, 0x08, 0x83, 0x08, 0x83, 0x08, 0x83, 0x08, 0x83, 0x08,
    0x83, 0x08, 0x83, 0x08, 0x83, 0x08, 0x83, 0x08, 0x83, 0x08, 0x83, 0x08, 0x83, 0x08, 0x83, 0x08,
    0x83, 0x08, 0x83, 0x08, 0x83, 0x08, 0x83, 0x08, 0x83, 0x08, 0x83, 0x08, 0x83, 0x08, 0x83, 0x08,
    0x83, 0x08, 0x83, 0x08, 0x83, 0x08, 0x83, 0x08, 0x83, 0x08, 0x83, 0x08, 0x83, 0x08, 0x83, 0x08,
    0x83, 0x08, 0x83, 0x08, 0x83, 0x08, 0x83, 0x08, 0x83, 0x08, 0x83, 0x08, 0x83, 0x08, 0x83, 0x08,
    0x83, 0x08, 0x83, 0x08, 0x83, 0x08, 0x83, 0x08, 0x83, 0x08, 0x83, 0x08, 0x83, 0x08, 0x83, 0x08,
    0x83, 0x08, 0x83, 0x08, 0x83, 0x08, 0x83, 0x08, 0x83, 0x08, 0x83, 0x08, 0x83, 0x08, 0x83, 0x08,
    0x83, 0x08, 0x83, 0x08, 0x83, 0x08, 0x83, 0x08, 0x83, 0x08, 0x83, 0x08, 0x83, 0x08, 0x83, 0x08,
    0x83, 0x08, 0x83, 0x08, 0x83, 0x08, 0x83, 0x08, 0x83, 0x08, 0x83, 0x08, 0x83, 0x08, 0x83, 0x08,
    0x83, 0x08, 0x83, 0x08, 0x83, 0x08, 0x83, 0x08, 0x83, 0x08, 0x83, 0x08, 0x83, 0x08, 0x83, 0x08,
    0x83, 0x08, 0x83, 0x08, 0x83, 0x08, 0x83, 0x08, 0x83, 0x08, 0x83, 0x08, 0x83, 0x08, 0x83, 0x08,
    0x83, 0x08, 0x83, 0x08, 0x83, 0x08, 0x83, 0x08, 0x83, 0x08, 0x83, 0x08, 0x83, 0x08, 0x83, 0x08,
    0x83, 0x08, 0x83, 0x08, 0x83, 0x08, 0x83, 0x08, 0x83, 0x08, 0x83, 0x08, 0x83, 0x08, 0x83, 0x08,
    0x83, 0x08, 0x83, 0x08, 0x83, 0x08, 0x83, 0x08, 0x83, 0x08, 0x83, 0x08, 0x83, 0x08, 0x83, 0x08,
    0x83, 0x08, 0x83, 0x08, 0x83, 0x08, 0x83, 0x08, 0x83, 0x08, 0x83, 0x08, 0x83, 0x08, 0x83, 0x08,
    0x83, 0x08, 0x83, 0x08, 0x83, 0x08, 0x83, 0x08, 0x83, 0x08, 0x83, 0x08, 0x83, 0x08, 0x83, 0x08,
    0x83, 0x08, 0x83, 0x08, 0x83, 0x08, 0x83, 0x08, 0x83, 0x08, 0x83, 0x08, 0x83, 0x08, 0x83, 0x08,
    0x83, 0x08, 0x83, 0x08, 0x83, 0x08, 0x83, 0x08, 0x83, 0x08, 0x83, 0x08, 0x83, 0x08, 0x83, 0x08,
    0x83, 0x08, 0x83, 0x08, 0x83, 0x08, 0x83, 0x08, 0x83, 0x08, 0x83, 0x08, 0x83, 0x08, 0x83, 0x08,
    0x83, 0x08, 0x83, 0x08, 0x83, 0x08, 0x83, 0x08, 0x83, 0x08, 0x83, 0x08, 0x83, 0x08, 0x83, 0x08,
    0x83, 0x08, 0x83, 0x08, 0x83, 0x08, 0x83, 0x08, 0x83, 0x08, 0x83, 0x08, 0x83, 0x08, 0x83, 0x08,
    0x83, 0x08, 0x83, 0x08, 0x83, 0x08, 0x83, 0x08, 0x83, 0x08, 0x83, 0x08, 0x83, 0x08, 0x83, 0x08,
    0x83, 0x08, 0x83, 0x08, 0x83, 0x08, 0x83, 0x08, 0x83, 0x08, 0x83, 0x08, 0x83, 0x08, 0x83, 0x08,
    0x83, 0x08, 0x83, 0x08, 0x83, 0x08, 0x83, 0x08, 0x83, 0x08, 0x83, 0x08, 0x83, 0x08, 0x83, 0x08,
    0x83, 0x08, 0x83, 0x08, 0x83, 0x08, 0x83, 0x08, 0x83, 0x08, 0x83, 0x08, 0x83, 0x08, 0x83, 0x08,
    0x83, 0x08, 0x83, 0x08, 0x83, 0x08, 0x83, 0x08, 0x83, 0x08, 0x83, 0x08, 0x83, 0x08, 0x83, 0x08,
    0x83, 0x08, 0x83, 0x08, 0x83, 0x08, 0x83, 0x08, 0x83, 0x08, 0x83, 0x08, 0x83, 0x08, 0x83, 0x08,
    0x83, 0x08, 0x83, 0x08, 0x83, 0x08, 0x83, 0x08, 0x83, 0x08, 0x83, 0x08, 0x83, 0x08, 0x83, 0x08,
    0x83, 0x08, 0x83, 0x08, 0x83, 0x08, 0x83, 0x08, 0x83, 0x08, 0x83, 0x08, 0x83, 0x08, 0x83, 0x08,
    0x83, 0x08, 0x83, 0x08, 0x83, 0x08, 0x83, 0x08, 0x83, 0x08, 0x83, 0x08, 0x83, 0x08, 0x83, 0x08,
    0x83, 0x08, 0x83, 0x08, 0x83, 0x08, 0x83, 0x08, 0x83, 0x08, 0x83, 0x08, 0x83, 0x08, 0x83, 0x08,
    0x83, 0x08, 0x83, 0x08, 0x83, 0x08, 0x83, 0x08, 0x83, 0x08, 0x83, 0x08, 0x83, 0x08, 0x83, 0x08,
    0x83, 0x08, 0x83, 0x08, 0x83, 0x08, 0x83, 0x08, 0x83, 0x08, 0x83, 0x08, 0x83, 0x08, 0x83, 0x08,
    0x83, 0x08, 0x83, 0x08, 0x83, 0x08, 0x83, 0x08, 0x83, 0x08, 0x83, 0x08, 0x83, 0x08, 0x83, 0x08,
    0x83, 0x08, 0x83, 0x08, 0x83, 0x08, 0x83, 0x08, 0x83, 0x08, 0x83, 0x08, 0x83, 0x08, 0x83, 0x08,
    0x83, 0x08, 0x83, 0x08, 0x83, 0x08, 0x83, 0x08, 0x83, 0x08, 0x83, 0x08, 0x83, 0x08, 0x83, 0x08,
    0x83, 0x08, 0x83, 0x08, 0x83, 0x08, 0x83, 0x08, 0x83, 0x08, 0x83, 0x08, 0x83, 0x08, 0x83, 0x08,
    0x83, 0x08, 0x83, 0x08, 0x83, 0x08, 0x83, 0x08, 0x83, 0x08, 0x83, 0x08, 0x83, 0x08, 0x83, 0x08,
    0x83, 0x08, 0x83, 0x08, 0x83, 0x08, 0x83, 0x08, 0x83, 0x08, 0x83, 0x08, 0x83, 0x08, 0x83, 0x08,
    0x83, 0x08, 0x83, 0x08, 0x83, 0x08, 0x83, 0x08, 0x83, 0x08, 0x83, 0x08, 0x83, 0x08, 0x83, 0x08,
    0x83, 0x08, 0x83, 0x08, 0x83, 0x08, 0x83, 0x08, 0x83, 0x08, 0x83, 0x08, 0x83, 0x08, 0x83, 0x08,
    0x83, 0x08, 0x83, 0x08, 0x83, 0x08, 0x83, 0x08, 0x83, 0x08, 0x83, 0x08, 0x83, 0x08, 0x83, 0x08,
    0x83, 0x08, 0x83, 0x08, 0x83, 0x08, 0x83, 0x08, 0x83, 0x08, 0x83, 0x08, 0x83, 0x08, 0x83, 0x08,
    0x83, 0x08, 0x83, 0x08, 0x83, 0x08, 0x83, 0x08, 0x83, 0x08, 0x83, 0x08, 0x83, 0x08, 0x83, 0x08,
    0x83, 0x08, 0x83, 0x08, 0x83, 0x08, 0x83, 0x08, 0x83, 0x08, 0x83, 0x08, 0x83, 0x08, 0x83, 0x08,
    0x83, 0x08, 0x83, 0x08, 0x83, 0x08, 0x83, 0x08, 0x83, 0x08, 0x83, 0x08, 0x83, 0x08, 0x83, 0x08,
    0x83, 0x08, 0x83, 0x08, 0x83, 0x08, 0x83, 0x08, 0x83, 0x08, 0x83, 0x08, 0x83, 0x08, 0x83, 0x08,
    0x83, 0x08, 0x83, 0x08, 0x83, 0x08, 0x83, 0x08, 0x83, 0x08, 0x83, 0x08, 0x83, 0x08, 0x83, 0x08,
    0x83, 0x08, 0x83, 0x08, 0x83, 0x08, 0x83, 0x08, 0x83, 0x08, 0x83, 0x08, 0x83, 0x08, 0x83, 0x08,
    0x83, 0x08, 0x83, 0x08, 0x83, 0x08, 0x83, 0x08, 0x83, 0x08, 0x83, 0x08, 0x83, 0x08, 0x83, 0x08,
    0x83, 0x08, 0x83, 0x08, 0x83, 0x08, 0x83, 0x08, 0x83, 0x08, 0x83, 0x08, 0x83, 0x08, 0x83, 0x08,
    0x83, 0x08, 0x83, 0x08, 0x83, 0x08, 0x83, 0x08, 0x83, 0x08, 0x83, 0x08, 0x83, 0x08, 0x83, 0x08,
    0x83, 0x08, 0x83, 0x08, 0x83, 0x08, 0x83, 0x08, 0x83, 0x08, 0x83, 0x08, 0x83, 0x08, 0x83, 0x08,
    0x83, 0x08, 0x83, 0x08, 0x83, 0x08, 0x83, 0x08, 0x83, 0x08, 0x83, 0x08, 0x83, 0x08, 0x83, 0x08,
    0x83, 0x08, 0x83, 0x08, 0x83, 0x08, 0x83, 0x08, 0x83, 0x08, 0x83, 0x08, 0x83, 0x08, 0x83, 0x08,
    0x83, 0x08, 0x83, 0x08, 0x83, 0x08, 0x83, 0x08, 0x83, 0x08, 0x83, 0x08, 0x83, 0x08, 0x83, 0x08,
    0x83, 0x08, 0x83, 0x08, 0x83, 0x08, 0x83, 0x08, 0x83, 0x08, 0x83, 0x08, 0x83, 0x08, 0x83, 0x08,
    0x83, 0x08, 0x83, 0x08, 0x83, 0x08, 0x83, 0x08, 0x83, 0x08, 0x83, 0x08, 0x83, 0x08, 0x83, 0x08,
    0x83, 0x08, 0x83, 0x08, 0x83, 0x08, 0x83, 0x08, 0x83, 0x08, 0x83, 0x08, 0x83, 0x08, 0x83, 0x08,
    0x83, 0x08, 0x83, 0x08, 0x83, 0x08, 0x83, 0x08, 0x83, 0x08, 0x83, 0x08, 0x83, 0x08, 0x83, 0x08,
    0x83, 0x08, 0x83, 0x08, 0x83, 0x08, 0x83, 0x08, 0x83, 0x08, 0x83, 0x08, 0x83, 0x08, 0x83, 0x08,
    0x83, 0x08, 0x83, 0x08, 0x83, 0x08, 0x83, 0x08, 0x83, 0x08, 0x83, 0x08, 0x83, 0x08, 0x83, 0x08,
    0x83, 0x08, 0x83, 0x08, 0x83, 0x08, 0x83, 0x08, 0x83, 0x08, 0x83, 0x08, 0x83, 0x08, 0x83, 0x08,
    0x83, 0x08, 0x83, 0x08, 0x83, 0x08, 0x83, 0x08, 0x83, 0x08, 0x83, 0x08, 0x83, 0x08, 0x83, 0x08,
    0x83, 0x08, 0x83, 0x08, 0x83, 0x08, 0x83, 0x08, 0x83, 0x08, 0x83, 0x08, 0x83, 0x08, 0x83, 0x08,
    0x83, 0x08, 0x83, 0x08, 0x83, 0x08, 0x83, 0x08, 0x83, 0x08, 0x83, 0x08, 0x83, 0x08, 0x83, 0x08,
    0x83, 0x08, 0x83, 0x08, 0x83, 0x08, 0x83, 0x08, 0x83, 0x08, 0x83, 0x08, 0x83, 0x08, 0x83, 0x08,
    0x83, 0x08, 0x83, 0x08, 0x83, 0x08, 0x83, 0x08, 0x83, 0x08, 0x83, 0x08, 0x83, 0x08, 0x83, 0x08,
    0x83, 0x08, 0x83, 0x08, 0x83, 0x08, 0x83, 0x08, 0x83, 0x08, 0x83, 0x08, 0x83, 0x08, 0x83, 0x08,
    0x83, 0x08, 0x83, 0x08, 0x83, 0x08, 0x83, 0x08, 0x83, 0x08, 0x83, 0x08, 0x83, 0x08, 0x83, 0x08,
    0x83, 0x08, 0x83, 0x08, 0x83, 0x08, 0x83, 0x08, 0x83, 0x08, 0x83, 0x08, 0x83, 0x08, 0x83, 0x08,
    0x83, 0x08, 0x83, 0x08, 0x83, 0x08, 0x83, 0x08, 0x83, 0x08, 0x83, 0x08, 0x83, 0x08, 0x83, 0x08,
    0x83, 0x08, 0x83, 0x08, 0x83, 0x08, 0x83, 0x08, 0x83, 0x08, 0x83, 0x08, 0x83, 0x08, 0x83, 0x08,
    0x83, 0x08, 0x83, 0x08, 0x83, 0x08, 0x83, 0x08, 0x83, 0x08, 0x83, 0x08, 0x83, 0x08, 0x83, 0x08,
    0x83, 0x08, 0x83, 0x08, 0x83, 0x08, 0x83, 0x08, 0x83, 0x08, 0x83, 0x08, 0x83, 0x08, 0x83, 0x08,
    0x83, 0x08, 0x83, 0x08, 0x83, 0x08, 0x83, 0x08, 0x83, 0x08, 0x83, 0x08, 0x83, 0x08, 0x83, 0x08,
    0x83, 0x08, 0x83, 0x08, 0x83, 0x08, 0x83, 0x08, 0x83, 0x08, 0x83, 0x08, 0x83, 0x08, 0x83, 0x08,
    0x83, 0x08, 0x83, 0x08, 0x83, 0x08, 0x83, 0x08, 0x83, 0x08, 0x83, 0x08, 0x83, 0x08, 0x83, 0x08,
    0x83, 0x08, 0x83, 0x08, 0x83, 0x08, 0x83, 0x08, 0x83, 0x08, 0x83, 0x08, 0x83, 0x08, 0x83, 0x08,
    0x83, 0x08, 0x83, 0x08, 0x83, 0x08, 0xf7, 0xbd, 0x34, 0xa5, 0x59, 0xce, 0x83, 0x08, 0x83, 0x08,
    0x83, 0x08, 0x83, 0x08, 0x83, 0x08, 0x83, 0x08, 0x83, 0x08, 0x83, 0x08, 0x83, 0x08, 0x83, 0x08,
    0x83, 0x08, 0x83, 0x08, 0x83, 0x08, 0x83, 0x08, 0x83, 0x08, 0x83, 0x08, 0x83, 0x08, 0x83, 0x08,
    0x83, 0x08, 0x83, 0x08, 0x83, 0x08, 0x83, 0x08, 0x83, 0x08, 0x83, 0x08, 0x83, 0x08, 0x83, 0x08,
    0x83, 0x08, 0x83, 0x08, 0x83, 0x08, 0x83, 0x08, 0x83, 0x08, 0x83, 0x08, 0x83, 0x08, 0x83, 0x08,
    0x83, 0x08, 0x83, 0x08, 0x83, 0x08, 0x83, 0x08, 0x83, 0x08, 0x83, 0x08, 0x83, 0x08, 0x83, 0x08,
    0x83, 0x08, 0x83, 0x08, 0x83, 0x08, 0x83, 0x08, 0x83, 0x08, 0x83, 0x08, 0x83, 0x08, 0x83, 0x08,
    0x83, 0x08, 0x83, 0x08, 0x83, 0x08, 0x83, 0x08, 0x83, 0x08, 0x83, 0x08, 0x83, 0x08, 0x83, 0x08,
    0x83, 0x08, 0x83, 0x08, 0x83, 0x08, 0x83, 0x08, 0x83, 0x08, 0x83, 0x08, 0x83, 0x08, 0x83, 0x08,
    0x83, 0x08, 0x83, 0x08, 0x83, 0x08, 0x83, 0x08, 0x83, 0x08, 0x83, 0x08, 0x83, 0x08, 0x83, 0x08,
    0x83, 0x08, 0x83, 0x08, 0x83, 0x08, 0x83, 0x08, 0x83, 0x08, 0x83, 0x08, 0x83, 0x08, 0x83, 0x08,
    0x83, 0x08, 0x83, 0x08, 0x83, 0x08, 0x83, 0x08, 0x83, 0x08, 0x83, 0x08, 0x83, 0x08, 0x83, 0x08,
    0x83, 0x08, 0x83, 0x08, 0x83, 0x08, 0x83, 0x08, 0x83, 0x08, 0x83, 0x08, 0x83, 0x08, 0x83, 0x08,
    0x83, 0x08, 0x83, 0x08, 0x83, 0x08, 0x83, 0x08, 0x83, 0x08, 0x83, 0x08, 0x83, 0x08, 0x83, 0x08,
    0x83, 0x08, 0x83, 0x08, 0x83, 0x08, 0x83, 0x08, 0x83, 0x08, 0x83, 0x08, 0x83, 0x08, 0x83, 0x08,
    0x83, 0x08, 0xba, 0xde, 0x4d, 0x63, 0xaf, 0x3a, 0x54, 0x4b, 0x8e, 0x42, 0x72, 0x8c, 0x75, 0xad,
    0x35, 0xa5, 0x55, 0xad, 0xb6, 0xbd, 0x18, 0xc6, 0xba, 0xde, 0x83, 0x08, 0x83, 0x08, 0x83, 0x08,
    0x83, 0x08, 0x83, 0x08, 0x83, 0x08, 0x83, 0x08, 0x83, 0x08, 0x83, 0x08, 0x83, 0x08, 0x83, 0x08,
    0x83, 0x08, 0x83, 0x08, 0x83, 0x08, 0x83, 0x08, 0x83, 0x08, 0x83, 0x08, 0x83, 0x08, 0x83, 0x08,
    0x83, 0x08, 0x83, 0x08, 0x83, 0x08, 0x83, 0x08, 0x83, 0x08, 0x83, 0x08, 0x83, 0x08, 0x83, 0x08,
    0x83, 0x08, 0x83, 0x08, 0x83, 0x08, 0x83, 0x08, 0x83, 0x08, 0x83, 0x08, 0x83, 0x08, 0x83, 0x08,
    0x83, 0x08, 0x83, 0x08, 0x83, 0x08, 0x83, 0x08, 0x83, 0x08, 0x83, 0x08, 0x83, 0x08, 0x83, 0x08,
    0x83, 0x08, 0x83, 0x08, 0x83, 0x08, 0x83, 0x08, 0x83, 0x08, 0x83, 0x08, 0x83, 0x08, 0x83, 0x08,
    0x83, 0x08, 0x83, 0x08, 0x83, 0x08, 0x83, 0x08, 0x83, 0x08, 0x83, 0x08, 0x83, 0x08, 0x83, 0x08,
    0x83, 0x08, 0x83, 0x08, 0x83, 0x08, 0x83, 0x08, 0x83, 0x08, 0x83, 0x08, 0x83, 0x08, 0x83, 0x08,
    0x83, 0x08, 0x83, 0x08, 0x83, 0x08, 0x83, 0x08, 0x83, 0x08, 0x83, 0x08, 0x83, 0x08, 0x83, 0x08,
    0x83, 0x08, 0x83, 0x08, 0x83, 0x08, 0x83, 0x08, 0x83, 0x08, 0x83, 0x08, 0x83, 0x08, 0x83, 0x08,
    0x83, 0x08, 0x83, 0x08, 0x83, 0x08, 0x83, 0x08, 0x83, 0x08, 0x83, 0x08, 0x83, 0x08, 0x83, 0x08,
    0x83, 0x08, 0x83, 0x08, 0x83, 0x08, 0x83, 0x08, 0x83, 0x08, 0x83, 0x08, 0x83, 0x08, 0x83, 0x08,
    0x83, 0x08, 0x83, 0x08, 0x83, 0x08, 0x83, 0x08, 0x3b, 0xe7, 0x96, 0xb5, 0x30, 0x84, 0x4e, 0x63,
    0xcd, 0x4a, 0xae, 0x42, 0x73, 0x4b, 0x79, 0x64, 0xf6, 0x5b, 0x94, 0x5b, 0xf1, 0x42, 0x33, 0x4b,
    0x12, 0x43, 0x12, 0x43, 0x11, 0x43, 0xf0, 0x42, 0xcf, 0x42, 0xee, 0x52, 0x8f, 0x6b, 0x13, 0xa5,
    0x3c, 0xe7, 0x83, 0x08, 0x83, 0x08, 0x83, 0x08, 0x83, 0x08, 0x83, 0x08, 0x83, 0x08, 0x83, 0x08,
    0x83, 0x08, 0x83, 0x08, 0x83, 0x08, 0x83, 0x08, 0x83, 0x08, 0x83, 0x08, 0x83, 0x08, 0x83, 0x08,
    0x83, 0x08, 0x83, 0x08, 0x83, 0x08, 0x83, 0x08, 0x83, 0x08, 0x83, 0x08, 0x83, 0x08, 0x83, 0x08,
    0x83, 0x08, 0x83, 0x08, 0x83, 0x08, 0x83, 0x08, 0x83, 0x08, 0x83, 0x08, 0x83, 0x08, 0x83, 0x08,
    0x83, 0x08, 0x83, 0x08, 0x83, 0x08, 0x83, 0x08, 0x83, 0x08, 0x83, 0x08, 0x83, 0x08, 0x83, 0x08,
    0x83, 0x08, 0x83, 0x08, 0x83, 0x08, 0x83, 0x08, 0x83, 0x08, 0x83, 0x08, 0x83, 0x08, 0x83, 0x08,
    0x83, 0x08, 0x83, 0x08, 0x83, 0x08, 0x83, 0x08, 0x83, 0x08, 0x83, 0x08, 0x83, 0x08, 0x83, 0x08,
    0x83, 0x08, 0x83, 0x08, 0x83, 0x08, 0x83, 0x08, 0x83, 0x08, 0x83, 0x08, 0x83, 0x08, 0x83, 0x08,
    0x83, 0x08, 0x83, 0x08, 0x83, 0x08, 0x83, 0x08, 0x83, 0x08, 0x83, 0x08, 0x83, 0x08, 0x83, 0x08,
    0x83, 0x08, 0x83, 0x08, 0x83, 0x08, 0x83, 0x08, 0x83, 0x08, 0x83, 0x08, 0x83, 0x08, 0x83, 0x08,
    0x83, 0x08, 0x83, 0x08, 0x83, 0x08, 0x83, 0x08, 0x83, 0x08, 0x83, 0x08, 0x83, 0x08, 0x83, 0x08,
    0x83, 0x08, 0x83, 0x08, 0x83, 0x08, 0x83, 0x08, 0x83, 0x08, 0x83, 0x08, 0x83, 0x08, 0x83, 0x08,
    0x83, 0x08, 0x83, 0x08, 0xb6, 0xbd, 0x8e, 0x6b, 0x8c, 0x42, 0xaf, 0x3a, 0x53, 0x43, 0xd6, 0x53,
    0x38, 0x5c, 0x7a, 0x64, 0x17, 0x5c, 0xae, 0x42, 0x31, 0x4b, 0x31, 0x4b, 0xf0, 0x4a, 0x58, 0x64,
    0x79, 0x6c, 0x79, 0x6c, 0x79, 0x64, 0x79, 0x64, 0x79, 0x64, 0x39, 0x64, 0xd6, 0x53, 0x12, 0x43,
    0x8d, 0x42, 0x51, 0x8c, 0x83, 0x08, 0x83, 0x08, 0x83, 0x08, 0x83, 0x08, 0x83, 0x08, 0x83, 0x08,
    0x83, 0x08, 0x83, 0x08, 0x83, 0x08, 0x83, 0x08, 0x83, 0x08, 0x83, 0x08, 0x83, 0x08, 0x83, 0x08,
    0x83, 0x08, 0x83, 0x08, 0x83, 0x08, 0x83, 0x08, 0x83, 0x08, 0x83, 0x08, 0x83, 0x08, 0x83, 0x08,
    0x83, 0x08, 0x83, 0x08, 0x83, 0x08, 0x83, 0x08, 0x83, 0x08, 0x83, 0x08, 0x83, 0x08, 0x83, 0x08,
    0x83, 0x08, 0x83, 0x08, 0x83, 0x08, 0x83, 0x08, 0x83, 0x08, 0x83, 0x08, 0x83, 0x08, 0x83, 0x08,
    0x83, 0x08, 0x83, 0x08, 0x83, 0x08, 0x83, 0x08, 0x83, 0x08, 0x83, 0x08, 0x83, 0x08, 0x83, 0x08,
    0x83, 0x08, 0x83, 0x08, 0x83, 0x08, 0x83, 0x08, 0x83, 0x08, 0x83, 0x08, 0x83, 0x08, 0x83, 0x08,
    0x83, 0x08, 0x83, 0x08, 0x83, 0x08, 0x83, 0x08, 0x83, 0x08, 0x83, 0x08, 0x83, 0x08, 0x83, 0x08,
    0x83, 0x08, 0x83, 0x08, 0x83, 0x08, 0x83, 0x08, 0x83, 0x08, 0x83, 0x08, 0x83, 0x08, 0x83, 0x08,
    0x83, 0x08, 0x83, 0x08, 0x83, 0x08, 0x83, 0x08, 0x83, 0x08, 0x83, 0x08, 0x83, 0x08, 0x83, 0x08,
    0x83, 0x08, 0x83, 0x08, 0x83, 0x08, 0x83, 0x08, 0x83, 0x08, 0x83, 0x08, 0x83, 0x08, 0x83, 0x08,
    0x83, 0x08, 0x83, 0x08, 0x83, 0x08, 0x83, 0x08, 0x83, 0x08, 0x83, 0x08, 0x83, 0x08, 0x83, 0x08,
    0xd7, 0xbd, 0xcc, 0x52, 0x6e, 0x3a, 0x95, 0x4b, 0x58, 0x64, 0x79, 0x6c, 0x79, 0x64, 0x38, 0x64,
    0x38, 0x64, 0x59, 0x64, 0x73, 0x53, 0x11, 0x43, 0x9a, 0x6c, 0x79, 0x6c, 0x11, 0x4b, 0xb5, 0x53,
    0x38, 0x64, 0x37, 0x64, 0x38, 0x64, 0x38, 0x64, 0x38, 0x64, 0x38, 0x64, 0x59, 0x64, 0x79, 0x6c,
    0x59, 0x64, 0x12, 0x43, 0xac, 0x4a, 0x58, 0xce, 0x83, 0x08, 0x83, 0x08, 0x83, 0x08, 0x83, 0x08,
    0x83, 0x08, 0x83, 0x08, 0x83, 0x08, 0x83, 0x08, 0x83, 0x08, 0x83, 0x08, 0x83, 0x08, 0x83, 0x08,
    0x83, 0x08, 0x83, 0x08, 0x83, 0x08, 0x83, 0x08, 0x83, 0x08, 0x83, 0x08, 0x83, 0x08, 0x83, 0x08,
    0x83, 0x08, 0x83, 0x08, 0x83, 0x08, 0x83, 0x08, 0x83, 0x08, 0x83, 0x08, 0x83, 0x08, 0x83, 0x08,
    0x83, 0x08, 0x83, 0x08, 0x83, 0x08, 0x83, 0x08, 0x83, 0x08, 0x83, 0x08, 0x83, 0x08, 0x83, 0x08,
    0x83, 0x08, 0x83, 0x08, 0x83, 0x08, 0x83, 0x08, 0x83, 0x08, 0x83, 0x08, 0x83, 0x08, 0x83, 0x08,
    0x83, 0x08, 0x83, 0x08, 0x83, 0x08, 0x83, 0x08, 0x83, 0x08, 0x83, 0x08, 0x83, 0x08, 0x83, 0x08,
    0x83, 0x08, 0x83, 0x08, 0x83, 0x08, 0x83, 0x08, 0x83, 0x08, 0x83, 0x08, 0x83, 0x08, 0x83, 0x08,
    0x83, 0x08, 0x83, 0x08, 0x83, 0x08, 0x83, 0x08, 0x83, 0x08, 0x83, 0x08, 0x83, 0x08, 0x83, 0x08,
    0x83, 0x08, 0x83, 0x08, 0x83, 0x08, 0x83, 0x08, 0x83, 0x08, 0x83, 0x08, 0x83, 0x08, 0x83, 0x08,
    0x83, 0x08, 0x83, 0x08, 0x83, 0x08, 0x83, 0x08, 0x83, 0x08, 0x83, 0x08, 0x83, 0x08, 0x83, 0x08,
    0x83, 0x08, 0x83, 0x08, 0x83, 0x08, 0x83, 0x08, 0x83, 0x08, 0x83, 0x08, 0x83, 0x08, 0xef, 0x7b,
    0x2c, 0x32, 0xb6, 0x53, 0x7a, 0x6c, 0x59, 0x64, 0x38, 0x64, 0x38, 0x64, 0x38, 0x64, 0x38, 0x64,
    0x38, 0x64, 0x59, 0x64, 0xd5, 0x53, 0xaf, 0x3a, 0x38, 0x64, 0x39, 0x64, 0x73, 0x4b, 0x73, 0x53,
    0x59, 0x64, 0x17, 0x64, 0x38, 0x64, 0x38, 0x64, 0x38, 0x64, 0x38, 0x64, 0x38, 0x64, 0x38, 0x64,
    0x38, 0x64, 0x79, 0x6c, 0xf7, 0x5b, 0x2c, 0x3a, 0x17, 0xc6, 0x83, 0x08, 0x83, 0x08, 0x83, 0x08,
    0x83, 0x08, 0x83, 0x08, 0x83, 0x08, 0x83, 0x08, 0x83, 0x08, 0x83, 0x08, 0x83, 0x08, 0x83, 0x08,
    0x83, 0x08, 0x83, 0x08, 0x83, 0x08, 0x83, 0x08, 0x83, 0x08, 0x83, 0x08, 0x83, 0x08, 0x83, 0x08,
    0x83, 0x08, 0x83, 0x08, 0x83, 0x08, 0x83, 0x08, 0x83, 0x08, 0x83, 0x08, 0x83, 0x08, 0x83, 0x08,
    0x83, 0x08, 0x83, 0x08, 0x83, 0x08, 0x83, 0x08, 0x83, 0x08, 0x83, 0x08, 0x83, 0x08, 0x83, 0x08,
    0x83, 0x08, 0x83, 0x08, 0x83, 0x08, 0x83, 0x08, 0x83, 0x08, 0x83, 0x08, 0x83, 0x08, 0x83, 0x08,
    0x83, 0x08, 0x83, 0x08, 0x83, 0x08, 0x83, 0x08, 0x83, 0x08, 0x83, 0x08, 0x83, 0x08, 0x83, 0x08,
    0x83, 0x08, 0x83, 0x08, 0x83, 0x08, 0x83, 0x08, 0x83, 0x08, 0x83, 0x08, 0x83, 0x08, 0x83, 0x08,
    0x83, 0x08, 0x83, 0x08, 0x83, 0x08, 0x83, 0x08, 0x83, 0x08, 0x83, 0x08, 0x83, 0x08, 0x83, 0x08,
    0x83, 0x08, 0x83, 0x08, 0x83, 0x08, 0x83, 0x08, 0x83, 0x08, 0x83, 0x08, 0x83, 0x08, 0x83, 0x08,
    0x83, 0x08, 0x83, 0x08, 0x83, 0x08, 0x83, 0x08, 0x83, 0x08, 0x83, 0x08, 0x83, 0x08, 0x83, 0x08,
    0x83, 0x08, 0x83, 0x08, 0x83, 0x08, 0x83, 0x08, 0x83, 0x08, 0x83, 0x08, 0x0c, 0x63, 0xb0, 0x3a,
    0x9a, 0x6c, 0x59, 0x64, 0x38, 0x5c, 0x38, 0x64, 0x38, 0x64, 0x38, 0x64, 0x38, 0x64, 0x38, 0x64,
    0x38, 0x64, 0x38, 0x64, 0xf7, 0x5b, 0x8e, 0x3a, 0x17, 0x5c, 0x59, 0x64, 0xb5, 0x53, 0x31, 0x4b,
    0x58, 0x64, 0x17, 0x64, 0x17, 0x64, 0x38, 0x64, 0x38, 0x64, 0x38, 0x64, 0x38, 0x64, 0x38, 0x64,
    0x38, 0x64, 0x18, 0x64, 0x59, 0x64, 0x18, 0x5c, 0x4b, 0x42, 0x1b, 0xe7, 0x83, 0x08, 0x83, 0x08,
    0x83, 0x08, 0x83, 0x08, 0x83, 0x08, 0x83, 0x08, 0x83, 0x08, 0x83, 0x08, 0x83, 0x08, 0x83, 0x08,
    0x83, 0x08, 0x83, 0x08, 0x83, 0x08, 0x83, 0x08, 0x83, 0x08, 0x83, 0x08, 0x83, 0x08, 0x83, 0x08,
    0x83, 0x08, 0x83, 0x08, 0x83, 0x08, 0x83, 0x08, 0x83, 0x08, 0x83, 0x08, 0x83, 0x08, 0x83, 0x08,
    0x83, 0x08, 0x83, 0x08, 0x83, 0x08, 0x83, 0x08, 0x83, 0x08, 0x83, 0x08, 0x83, 0x08, 0x83, 0x08,
    0x83, 0x08, 0x83, 0x08, 0x83, 0x08, 0x83, 0x08, 0x83, 0x08, 0x83, 0x08, 0x83, 0x08, 0x83, 0x08,
    0x83, 0x08, 0x83, 0x08, 0x83, 0x08, 0x83, 0x08, 0x83, 0x08, 0x83, 0x08, 0x83, 0x08, 0x83, 0x08,
    0x83, 0x08, 0x83, 0x08, 0x83, 0x08, 0x83, 0x08, 0x83, 0x08, 0x83, 0x08, 0x83, 0x08, 0x83, 0x08,
    0x83, 0x08, 0x83, 0x08, 0x83, 0x08, 0x83, 0x08, 0x83, 0x08, 0x83, 0x08, 0x83, 0x08, 0x83, 0x08,
    0x83, 0x08, 0x83, 0x08, 0x83, 0x08, 0x83, 0x08, 0x83, 0x08, 0x83, 0x08, 0x83, 0x08, 0x83, 0x08,
    0x83, 0x08, 0x83, 0x08, 0x83, 0x08, 0x83, 0x08, 0x83, 0x08, 0x83, 0x08, 0x83, 0x08, 0x83, 0x08,
    0x83, 0x08, 0x83, 0x08, 0x83, 0x08, 0x83, 0x08, 0x83, 0x08, 0x8e, 0x73, 0xd1, 0x42, 0x9a, 0x6c,
    0x38, 0x64, 0x38, 0x64, 0x38, 0x64, 0x38, 0x64, 0x38, 0x64, 0x38, 0x64, 0x38, 0x64, 0x38, 0x64,
    0x38, 0x64, 0x38, 0x64, 0x17, 0x64, 0x6d, 0x3a, 0xf6, 0x5b, 0x59, 0x64, 0xf6, 0x5b, 0xf0, 0x42,
    0x7a, 0x6c, 0x59, 0x64, 0x59, 0x64, 0x38, 0x64, 0x37, 0x5c, 0x37, 0x64, 0x17, 0x64, 0x17, 0x64,
    0x18, 0x5c, 0x38, 0x5c, 0x38, 0x64, 0x9a, 0x6c, 0x74, 0x4b, 0xf0, 0x7b, 0x83, 0x08, 0x83, 0x08,
    0x83, 0x08, 0x83, 0x08, 0x83, 0x08, 0x83, 0x08, 0x83, 0x08, 0x83, 0x08, 0x83, 0x08, 0x83, 0x08,
    0x83, 0x08, 0x83, 0x08, 0x83, 0x08, 0x83, 0x08, 0x83, 0x08, 0x83, 0x08, 0x83, 0x08, 0x83, 0x08,
    0x83, 0x08, 0x83, 0x08, 0x83, 0x08, 0x83, 0x08, 0x83, 0x08, 0x83, 0x08, 0x83, 0x08, 0x83, 0x08,
    0x83, 0x08, 0x83, 0x08, 0x83, 0x08, 0x83, 0x08, 0x83, 0x08, 0x83, 0x08, 0x83, 0x08, 0x83, 0x08,
    0x83, 0x08, 0x83, 0x08, 0x83, 0x08, 0x83, 0x08, 0x83, 0x08, 0x83, 0x08, 0x83, 0x08, 0x83, 0x08,
    0x83, 0x08, 0x83, 0x08, 0x83, 0x08, 0x83, 0x08, 0x83, 0x08, 0x83, 0x08, 0x83, 0x08, 0x83, 0x08,
    0x83, 0x08, 0x83, 0x08, 0x83, 0x08, 0x83, 0x08, 0x83, 0x08, 0x83, 0x08, 0x83, 0x08, 0x83, 0x08,
    0x83, 0x08, 0x83, 0x08, 0x83, 0x08, 0x83, 0x08, 0x83, 0x08, 0x83, 0x08, 0x83, 0x08, 0x83, 0x08,
    0x83, 0x08, 0x83, 0x08, 0x83, 0x08, 0x83, 0x08, 0x83, 0x08, 0x83, 0x08, 0x83, 0x08, 0x83, 0x08,
    0x83, 0x08, 0x83, 0x08, 0x83, 0x08, 0x83, 0x08, 0x83, 0x08, 0x83, 0x08, 0x83, 0x08, 0x83, 0x08,
    0x83, 0x08, 0x83, 0x08, 0x83, 0x08, 0x83, 0x08, 0x54, 0xad, 0x6e, 0x3a, 0x9a, 0x6c, 0x38, 0x5c,
    0x38, 0x64, 0x38, 0x64, 0x38, 0x64, 0x38, 0x64, 0x38, 0x64, 0x59, 0x64, 0x59, 0x64, 0x59, 0x64,
    0x79, 0x64, 0x59, 0x64, 0x58, 0x64, 0x8e, 0x3a, 0x95, 0x53, 0x38, 0x64, 0x38, 0x64, 0x6d, 0x3a,
    0x8e, 0x42, 0x8d, 0x42, 0x4c, 0x3a, 0xaf, 0x42, 0x11, 0x4b, 0x11, 0x4b, 0x10, 0x4b, 0x10, 0x43,
    0x11, 0x4b, 0x11, 0x4b, 0xf0, 0x42, 0x10, 0x43, 0x53, 0x4b, 0x2b, 0x3a, 0x3c, 0xef, 0x83, 0x08,
    0x83, 0x08, 0x83, 0x08, 0x83, 0x08, 0x83, 0x08, 0x83, 0x08, 0x83, 0x08, 0x83, 0x08, 0x83, 0x08,
    0x83, 0x08, 0x83, 0x08, 0x83, 0x08, 0x83, 0x08, 0x83, 0x08, 0x83, 0x08, 0x83, 0x08, 0x83, 0x08,
    0x83, 0x08, 0x83, 0x08, 0x83, 0x08, 0x83, 0x08, 0x83, 0x08, 0x83, 0x08, 0x83, 0x08, 0x83, 0x08,
    0x83, 0x08, 0x83, 0x08, 0x83, 0x08, 0x83, 0x08, 0x83, 0x08, 0x83, 0x08, 0x83, 0x08, 0x83, 0x08,
    0x83, 0x08, 0x83, 0x08, 0x83, 0x08, 0x83, 0x08, 0x83, 0x08, 0x83, 0x08, 0x83, 0x08, 0x83, 0x08,
    0x83, 0x08, 0x83, 0x08, 0x83, 0x08, 0x83, 0x08, 0x83, 0x08, 0x83, 0x08, 0x83, 0x08, 0x83, 0x08,
    0x83, 0x08, 0x83, 0x08, 0x83, 0x08, 0x83, 0x08, 0x83, 0x08, 0x83, 0x08, 0x83, 0x08, 0x83, 0x08,
    0x83, 0x08, 0x83, 0x08, 0x83, 0x08, 0x83, 0x08, 0x83, 0x08, 0x83, 0x08, 0x83, 0x08, 0x83, 0x08,
    0x83, 0x08, 0x83, 0x08, 0x83, 0x08, 0x83, 0x08, 0x83, 0x08, 0x83, 0x08, 0x83, 0x08, 0x83, 0x08,
    0x83, 0x08, 0x83, 0x08, 0x83, 0x08, 0x83, 0x08, 0x83, 0x08, 0x83, 0x08, 0x83, 0x08, 0x83, 0x08,
    0x83, 0x08, 0x83, 0x08, 0x83, 0x08, 0x83, 0x08, 0x6c, 0x4a, 0x18, 0x5c, 0x38, 0x64, 0x38, 0x64,
    0x59, 0x64, 0x59, 0x64, 0x59, 0x64, 0x38, 0x64, 0xf7, 0x5b, 0xb5, 0x5b, 0x74, 0x53, 0x32, 0x4b,
    0xae, 0x42, 0x4c, 0x3a, 0xe9, 0x31, 0x87, 0x21, 0x74, 0x4b, 0x38, 0x64, 0x79, 0x64, 0x6c, 0x3a,
    0x80, 0x18, 0xc2, 0x18, 0xa0, 0x18, 0x8d, 0x3a, 0x79, 0x6c, 0x37, 0x64, 0x58, 0x64, 0x58, 0x64,
    0xf6, 0x5b, 0xb4, 0x53, 0x73, 0x53, 0x72, 0x53, 0xb4, 0x5b, 0x6d, 0x3a, 0xb2, 0x94, 0x83, 0x08,
    0x83, 0x08, 0x83, 0x08, 0x83, 0x08, 0x83, 0x08, 0x83, 0x08, 0x83, 0x08, 0x83, 0x08, 0x83, 0x08,
    0x83, 0x08, 0x83, 0x08, 0x83, 0x08, 0x83, 0x08, 0x83, 0x08, 0x83, 0x08, 0x83, 0x08, 0x83, 0x08,
    0x83, 0x08, 0x83, 0x08, 0x83, 0x08, 0x83, 0x08, 0x83, 0x08, 0x83, 0x08, 0x83, 0x08, 0x83, 0x08,
    0x83, 0x08, 0x83, 0x08, 0x83, 0x08, 0x83, 0x08, 0x83, 0x08, 0x83, 0x08, 0x83, 0x08, 0x83, 0x08,
    0x83, 0x08, 0x83, 0x08, 0x83, 0x08, 0x83, 0x08, 0x83, 0x08, 0x83, 0x08, 0x83, 0x08, 0x83, 0x08,
    0x83, 0x08, 0x83, 0x08, 0x83, 0x08, 0x83, 0x08, 0x83, 0x08, 0x83, 0x08, 0x83, 0x08, 0x83, 0x08,
    0x83, 0x08, 0x83, 0x08, 0x83, 0x08, 0x83, 0x08, 0x83, 0x08, 0x83, 0x08, 0x83, 0x08, 0x83, 0x08,
    0x83, 0x08, 0x83, 0x08, 0x83, 0x08, 0x83, 0x08, 0x83, 0x08, 0x83, 0x08, 0x83, 0x08, 0x83, 0x08,
    0x83, 0x08, 0x83, 0x08, 0x83, 0x08, 0x83, 0x08, 0x83, 0x08, 0x83, 0x08, 0x83, 0x08, 0x83, 0x08,
    0x83, 0x08, 0x83, 0x08, 0x83, 0x08, 0x83, 0x08, 0x83, 0x08, 0x83, 0x08, 0x83, 0x08, 0x83, 0x08,
    0x83, 0x08, 0x83, 0x08, 0x83, 0x08, 0x34, 0xad, 0xaf, 0x42, 0x9a, 0x6c, 0x59, 0x64, 0x38, 0x64,
    0xd5, 0x5b, 0x73, 0x53, 0x11, 0x4b, 0x11, 0x4b, 0x11, 0x4b, 0x32, 0x4b, 0x94, 0x53, 0x52, 0x4b,
    0x03, 0x21, 0xa1, 0x18, 0xa2, 0x18, 0xe3, 0x18, 0x53, 0x4b, 0x79, 0x64, 0x9a, 0x64, 0x10, 0x43,
    0xc8, 0x31, 0x6d, 0x3a, 0x8d, 0x42, 0x73, 0x53, 0x38, 0x64, 0x38, 0x64, 0x17, 0x5c, 0x32, 0x4b,
    0xf0, 0x3a, 0x32, 0x4b, 0x32, 0x53, 0x52, 0x4b, 0xd0, 0x3a, 0x94, 0x53, 0x6b, 0x42, 0x8e, 0x73,
    0x34, 0xa5, 0x83, 0x08, 0x83, 0x08, 0x83, 0x08, 0x83, 0x08, 0x83, 0x08, 0x83, 0x08, 0x83, 0x08,
    0x83, 0x08, 0x83, 0x08, 0x83, 0x08, 0x83, 0x08, 0x83, 0x08, 0x83, 0x08, 0x83, 0x08, 0x83, 0x08,
    0x83, 0x08, 0x83, 0x08, 0x83, 0x08, 0x83, 0x08, 0x83, 0x08, 0x83, 0x08, 0x83, 0x08, 0x83, 0x08,
    0x83, 0x08, 0x83, 0x08, 0x83, 0x08, 0x83, 0x08, 0x83, 0x08, 0x83, 0x08, 0x83, 0x08, 0x83, 0x08,
    0x83, 0x08, 0x83, 0x08, 0x83, 0x08, 0x83, 0x08, 0x83, 0x08, 0x83, 0x08, 0x83, 0x08, 0x83, 0x08,
    0x83, 0x08, 0x83, 0x08, 0x83, 0x08, 0x83, 0x08, 0x83, 0x08, 0x83, 0x08, 0x83, 0x08, 0x83, 0x08,
    0x83, 0x08, 0x83, 0x08, 0x83, 0x08, 0x83, 0x08, 0x83, 0x08, 0x83, 0x08, 0x83, 0x08, 0x83, 0x08,
    0x83, 0x08, 0x83, 0x08, 0x83, 0x08, 0x83, 0x08, 0x83, 0x08, 0x83, 0x08, 0x83, 0x08, 0x83, 0x08,
    0x83, 0x08, 0x83, 0x08, 0x83, 0x08, 0x83, 0x08, 0x83, 0x08, 0x83, 0x08, 0x83, 0x08, 0x83, 0x08,
    0x83, 0x08, 0x83, 0x08, 0x83, 0x08, 0x83, 0x08, 0x83, 0x08, 0x83, 0x08, 0x83, 0x08, 0x83, 0x08,
    0x83, 0x08, 0x83, 0x08, 0x83, 0x08, 0x8e, 0x6b, 0xd6, 0x5b, 0x17, 0x5c, 0x31, 0x4b, 0xf0, 0x42,
    0x31, 0x4b, 0x74, 0x53, 0xf5, 0x53, 0x38, 0x64, 0x59, 0x64, 0x59, 0x64, 0x79, 0x64, 0x38, 0x64,
    0x8d, 0x42, 0x8d, 0x3a, 0x10, 0x4b, 0x6c, 0x3a, 0x4c, 0x32, 0x52, 0x4b, 0x32, 0x4b, 0x8e, 0x42,
    0xcf, 0x42, 0x9a, 0x6c, 0x59, 0x64, 0x59, 0x64, 0x38, 0x64, 0x38, 0x64, 0x31, 0x43, 0xf0, 0x4a,
    0x49, 0x92, 0xce, 0x72, 0x7a, 0x5c, 0x10, 0x63, 0x08, 0x82, 0x09, 0x4a, 0xc9, 0x29, 0x4d, 0x6b,
    0x49, 0x4a, 0xb2, 0x94, 0x83, 0x08, 0x83, 0x08, 0x83, 0x08, 0x83, 0x08, 0x83, 0x08, 0x83, 0x08,
    0x83, 0x08, 0x83, 0x08, 0x83, 0x08, 0x83, 0x08, 0x83, 0x08, 0x83, 0x08, 0x83, 0x08, 0x83, 0x08,
    0x83, 0x08, 0x83, 0x08, 0x83, 0x08, 0x83, 0x08, 0x83, 0x08, 0x83, 0x08, 0x83, 0x08, 0x83, 0x08,
    0x83, 0x08, 0x83, 0x08, 0x83, 0x08, 0x83, 0x08, 0x83, 0x08, 0x83, 0x08, 0x83, 0x08, 0x83, 0x08,
    0x83, 0x08, 0x83, 0x08, 0x83, 0x08, 0x83, 0x08, 0x83, 0x08, 0x83, 0x08, 0x83, 0x08, 0x83, 0x08,
    0x83, 0x08, 0x83, 0x08, 0x83, 0x08, 0x83, 0x08, 0x83, 0x08, 0x83, 0x08, 0x83, 0x08, 0x83, 0x08,
    0x83, 0x08, 0x83, 0x08, 0x83, 0x08, 0x83, 0x08, 0x83, 0x08, 0x83, 0x08, 0x83, 0x08, 0x83, 0x08,
    0x83, 0x08, 0x83, 0x08, 0x83, 0x08, 0x83, 0x08, 0x83, 0x08, 0x83, 0x08, 0x83, 0x08, 0x83, 0x08,
    0x83, 0x08, 0x83, 0x08, 0x83, 0x08, 0x83, 0x08, 0x83, 0x08, 0x83, 0x08, 0x83, 0x08, 0x83, 0x08,
    0x83, 0x08, 0x83, 0x08, 0x83, 0x08, 0x83, 0x08, 0x83, 0x08, 0x83, 0x08, 0x83, 0x08, 0x83, 0x08,
    0x83, 0x08, 0x83, 0x08, 0x83, 0x08, 0xac, 0x4a, 0x11, 0x4b, 0x11, 0x4b, 0xd5, 0x5b, 0x57, 0x64,
    0x58, 0x64, 0x59, 0x6c, 0x59, 0x64, 0x38, 0x64, 0x38, 0x64, 0x38, 0x64, 0x38, 0x64, 0x38, 0x64,
    0x59, 0x64, 0x59, 0x64, 0xbb, 0x6c, 0xf0, 0x42, 0x4c, 0x32, 0x73, 0x53, 0x32, 0x53, 0x73, 0x53,
    0xcf, 0x42, 0x11, 0x4b, 0x59, 0x64, 0x18, 0x64, 0x38, 0x64, 0xf6, 0x5b, 0x31, 0x43, 0x52, 0x5b,
    0xc5, 0xb9, 0x4a, 0x7a, 0x17, 0x4c, 0x29, 0x7a, 0x68, 0xfa, 0x4a, 0x8a, 0xea, 0x21, 0x4c, 0x6b,
    0x55, 0xad, 0x8e, 0x73, 0x18, 0xc6, 0x83, 0x08, 0x83, 0x08, 0x83, 0x08, 0x83, 0x08, 0x83, 0x08,
    0x83, 0x08, 0x83, 0x08, 0x83, 0x08, 0x83, 0x08, 0x83, 0x08, 0x83, 0x08, 0x83, 0x08, 0x83, 0x08,
    0x83, 0x08, 0x83, 0x08, 0x83, 0x08, 0x83, 0x08, 0x83, 0x08, 0x83, 0x08, 0x83, 0x08, 0x83, 0x08,
    0x83, 0x08, 0x83, 0x08, 0x83, 0x08, 0x83, 0x08, 0x83, 0x08, 0x83, 0x08, 0x83, 0x08, 0x83, 0x08,
    0x83, 0x08, 0x83, 0x08, 0x83, 0x08, 0x83, 0x08, 0x83, 0x08, 0x83, 0x08, 0x83, 0x08, 0x83, 0x08,
    0x83, 0x08, 0x83, 0x08, 0x83, 0x08, 0x83, 0x08, 0x83, 0x08, 0x83, 0x08, 0x83, 0x08, 0x83, 0x08,
    0x83, 0x08, 0x83, 0x08, 0x83, 0x08, 0x83, 0x08, 0x83, 0x08, 0x83, 0x08, 0x83, 0x08, 0x83, 0x08,
    0x83, 0x08, 0x83, 0x08, 0x83, 0x08, 0x83, 0x08, 0x83, 0x08, 0x83, 0x08, 0x83, 0x08, 0x83, 0x08,
    0x83, 0x08, 0x83, 0x08, 0x83, 0x08, 0x83, 0x08, 0x83, 0x08, 0x83, 0x08, 0x83, 0x08, 0x83, 0x08,
    0x83, 0x08, 0x83, 0x08, 0x83, 0x08, 0x83, 0x08, 0x83, 0x08, 0x83, 0x08, 0x83, 0x08, 0x83, 0x08,
    0x83, 0x08, 0x83, 0x08, 0x1b, 0xe7, 0xe9, 0x31, 0xd5, 0x5b, 0xf7, 0x63, 0x52, 0x53, 0x11, 0x4b,
    0x11, 0x43, 0xf0, 0x42, 0x93, 0x53, 0x58, 0x64, 0x38, 0x64, 0x38, 0x64, 0x38, 0x64, 0x38, 0x64,
    0x38, 0x5c, 0x38, 0x64, 0x37, 0x5c, 0x4d, 0x32, 0x12, 0x43, 0x73, 0x53, 0x94, 0x53, 0xb4, 0x53,
    0xf6, 0x63, 0x8f, 0x42, 0x38, 0x64, 0x38, 0x64, 0x38, 0x64, 0x58, 0x64, 0x31, 0x4b, 0x73, 0x53,
    0x31, 0x53, 0xb5, 0x5b, 0x59, 0x64, 0x31, 0x53, 0x09, 0x72, 0x10, 0x5b, 0x11, 0x43, 0xc4, 0x18,
    0x6d, 0x6b, 0x75, 0xad, 0x82, 0x10, 0x49, 0x4a, 0x83, 0x08, 0x83, 0x08, 0x83, 0x08, 0x83, 0x08,
    0x83, 0x08, 0x83, 0x08, 0x83, 0x08, 0x83, 0x08, 0x83, 0x08, 0x83, 0x08, 0x83, 0x08, 0x83, 0x08,
    0x83, 0x08, 0x83, 0x08, 0x83, 0x08, 0x83, 0x08, 0x83, 0x08, 0x83, 0x08, 0x83, 0x08, 0x83, 0x08,
    0x83, 0x08, 0x83, 0x08, 0x83, 0x08, 0x83, 0x08, 0x83, 0x08, 0x83, 0x08, 0x83, 0x08, 0x83, 0x08,
    0x83, 0x08, 0x83, 0x08, 0x83, 0x08, 0x83, 0x08, 0x83, 0x08, 0x83, 0x08, 0x83, 0x08, 0x83, 0x08,
    0x83, 0x08, 0x83, 0x08, 0x83, 0x08, 0x83, 0x08, 0x83, 0x08, 0x83, 0x08, 0x83, 0x08, 0x83, 0x08,
    0x83, 0x08, 0x83, 0x08, 0x83, 0x08, 0x83, 0x08, 0x83, 0x08, 0x83, 0x08, 0x83, 0x08, 0x83, 0x08,
    0x83, 0x08, 0x83, 0x08, 0x83, 0x08, 0x83, 0x08, 0x83, 0x08, 0x83, 0x08, 0x83, 0x08, 0x83, 0x08,
    0x83, 0x08, 0x83, 0x08, 0x83, 0x08, 0x83, 0x08, 0x83, 0x08, 0x83, 0x08, 0x83, 0x08, 0x83, 0x08,
    0x83, 0x08, 0x83, 0x08, 0x83, 0x08, 0x83, 0x08, 0x83, 0x08, 0x83, 0x08, 0x83, 0x08, 0x83, 0x08,
    0x83, 0x08, 0x83, 0x08, 0x58, 0xce, 0xf0, 0x4a, 0xb5, 0x53, 0x11, 0x43, 0xd6, 0x5b, 0xf6, 0x5b,
    0x8c, 0x62, 0xef, 0x5a, 0xf0, 0x42, 0x94, 0x53, 0x59, 0x64, 0x38, 0x64, 0x38, 0x64, 0x38, 0x64,
    0x38, 0x64, 0x38, 0x64, 0x38, 0x64, 0x4d, 0x32, 0x53, 0x4b, 0x58, 0x64, 0x59, 0x64, 0x59, 0x64,
    0x59, 0x64, 0xaf, 0x42, 0xf7, 0x5b, 0x38, 0x64, 0x38, 0x64, 0x38, 0x64, 0x38, 0x64, 0x52, 0x4b,
    0xf6, 0x5b, 0x59, 0x64, 0x37, 0x64, 0x38, 0x64, 0x38, 0x54, 0x52, 0x4b, 0x94, 0x53, 0x4c, 0x3a,
    0x20, 0x00, 0xd3, 0x9c, 0xf3, 0x9c, 0x61, 0x08, 0x28, 0x42, 0x3c, 0xe7, 0x83, 0x08, 0x83, 0x08,
    0x83, 0x08, 0x83, 0x08, 0x83, 0x08, 0x83, 0x08, 0x83, 0x08, 0x83, 0x08, 0x83, 0x08, 0x83, 0x08,
    0x83, 0x08, 0x83, 0x08, 0x83, 0x08, 0x83, 0x08, 0x83, 0x08, 0x83, 0x08, 0x83, 0x08, 0x83, 0x08,
    0x83, 0x08, 0x83, 0x08, 0x83, 0x08, 0x83, 0x08, 0x83, 0x08, 0x83, 0x08, 0x83, 0x08, 0x83, 0x08,
    0x83, 0x08, 0x83, 0x08, 0x83, 0x08, 0x83, 0x08, 0x83, 0x08, 0x83, 0x08, 0x83, 0x08, 0x83, 0x08,
    0x83, 0x08, 0x83, 0x08, 0x83, 0x08, 0x83, 0x08, 0x83, 0x08, 0x83, 0x08, 0x83, 0x08, 0x83, 0x08,
    0x83, 0x08, 0x83, 0x08, 0x83, 0x08, 0x83, 0x08, 0x83, 0x08, 0x83, 0x08, 0x83, 0x08, 0x83, 0x08,
    0x83, 0x08, 0x83, 0x08, 0x83, 0x08, 0x83, 0x08, 0x83, 0x08, 0x83, 0x08, 0x83, 0x08, 0x83, 0x08,
    0x83, 0x08, 0x83, 0x08, 0x83, 0x08, 0x83, 0x08, 0x83, 0x08, 0x83, 0x08, 0x83, 0x08, 0x83, 0x08,
    0x83, 0x08, 0x83, 0x08, 0x83, 0x08, 0x83, 0x08, 0x83, 0x08, 0x83, 0x08, 0x83, 0x08, 0x83, 0x08,
    0x83, 0x08, 0x83, 0x08, 0x79, 0xd6, 0x0b, 0x2a, 0x8d, 0x4a, 0xce, 0x5a, 0x38, 0x64, 0x53, 0x53,
    0xe5, 0xb9, 0x28, 0x9a, 0x93, 0x4b, 0x32, 0x4b, 0x59, 0x6c, 0x38, 0x64, 0x38, 0x64, 0x38, 0x64,
    0x38, 0x64, 0x38, 0x64, 0x59, 0x64, 0x8d, 0x3a, 0x32, 0x43, 0x17, 0x5c, 0x38, 0x64, 0x59, 0x64,
    0x9a, 0x6c, 0xf0, 0x4a, 0xb5, 0x5b, 0x59, 0x64, 0x38, 0x64, 0x38, 0x64, 0x38, 0x64, 0x59, 0x64,
    0x38, 0x64, 0x38, 0x64, 0x38, 0x64, 0x38, 0x64, 0x38, 0x64, 0xd6, 0x5b, 0x5a, 0x64, 0xcf, 0x42,
    0xc2, 0x18, 0x04, 0x21, 0x38, 0xc6, 0x4c, 0x6b, 0xa2, 0x10, 0x08, 0x42, 0x3c, 0xe7, 0x83, 0x08,
    0x83, 0x08, 0x83, 0x08, 0x83, 0x08, 0x83, 0x08, 0x83, 0x08, 0x83, 0x08, 0x83, 0x08, 0x83, 0x08,
    0x83, 0x08, 0x83, 0x08, 0x83, 0x08, 0x83, 0x08, 0x83, 0x08, 0x83, 0x08, 0x83, 0x08, 0x83, 0x08,
    0x83, 0x08, 0x83, 0x08, 0x83, 0x08, 0x83, 0x08, 0x83, 0x08, 0x83, 0x08, 0x83, 0x08, 0x83, 0x08,
    0x83, 0x08, 0x83, 0x08, 0x83, 0x08, 0x83, 0x08, 0x83, 0x08, 0x83, 0x08, 0x83, 0x08, 0x83, 0x08,
    0x83, 0x08, 0x83, 0x08, 0x83, 0x08, 0x83, 0x08, 0x83, 0x08, 0x83, 0x08, 0x83, 0x08, 0x83, 0x08,
    0x83, 0x08, 0x83, 0x08, 0x83, 0x08, 0x83, 0x08, 0x83, 0x08, 0x83, 0x08, 0x83, 0x08, 0x83, 0x08,
    0x83, 0x08, 0x83, 0x08, 0x83, 0x08, 0x83, 0x08, 0x83, 0x08, 0x83, 0x08, 0x83, 0x08, 0x83, 0x08,
    0x83, 0x08, 0x83, 0x08, 0x83, 0x08, 0x83, 0x08, 0x83, 0x08, 0x83, 0x08, 0x83, 0x08, 0x83, 0x08,
    0x83, 0x08, 0x83, 0x08, 0x83, 0x08, 0x83, 0x08, 0x83, 0x08, 0x83, 0x08, 0x83, 0x08, 0x83, 0x08,
    0x1c, 0xe7, 0x51, 0x8c, 0xef, 0x83, 0xa8, 0x21, 0x49, 0x92, 0x06, 0xe2, 0x8d, 0x5a, 0x38, 0x5c,
    0x8d, 0x62, 0x30, 0x63, 0x11, 0x43, 0x94, 0x53, 0x59, 0x64, 0x38, 0x64, 0x38, 0x64, 0x38, 0x64,
    0x38, 0x64, 0x18, 0x5c, 0x79, 0x64, 0xcf, 0x42, 0xb0, 0x32, 0x18, 0x5c, 0x17, 0x64, 0x53, 0x4b,
    0x73, 0x53, 0xcf, 0x42, 0xb5, 0x5b, 0x38, 0x64, 0xf7, 0x5b, 0x59, 0x64, 0x38, 0x64, 0x38, 0x64,
    0x38, 0x64, 0x38, 0x64, 0x38, 0x64, 0x38, 0x64, 0x38, 0x64, 0x18, 0x64, 0x59, 0x64, 0x73, 0x53,
    0xe4, 0x18, 0xa2, 0x10, 0xeb, 0x5a, 0x59, 0xce, 0x85, 0x31, 0x04, 0x19, 0x69, 0x4a, 0x83, 0x08,
    0x83, 0x08, 0x83, 0x08, 0x83, 0x08, 0x83, 0x08, 0x83, 0x08, 0x83, 0x08, 0x83, 0x08, 0x83, 0x08,
    0x83, 0x08, 0x83, 0x08, 0x83, 0x08, 0x83, 0x08, 0x83, 0x08, 0x83, 0x08, 0x83, 0x08, 0x83, 0x08,
    0x83, 0x08, 0x83, 0x08, 0x83, 0x08, 0x83, 0x08, 0x83, 0x08, 0x83, 0x08, 0x83, 0x08, 0x83, 0x08,
    0x83, 0x08, 0x83, 0x08, 0x83, 0x08, 0x83, 0x08, 0x83, 0x08, 0x83, 0x08, 0x83, 0x08, 0x83, 0x08,
    0x83, 0x08, 0x83, 0x08, 0x83, 0x08, 0x83, 0x08, 0x83, 0x08, 0x83, 0x08, 0x83, 0x08, 0x83, 0x08,
    0x83, 0x08, 0x83, 0x08, 0x83, 0x08, 0x83, 0x08, 0x83, 0x08, 0x83, 0x08, 0x83, 0x08, 0x83, 0x08,
    0x83, 0x08, 0x83, 0x08, 0x83, 0x08, 0x83, 0x08, 0x83, 0x08, 0x83, 0x08, 0x83, 0x08, 0x83, 0x08,
    0x83, 0x08, 0x83, 0x08, 0x83, 0x08, 0x83, 0x08, 0x83, 0x08, 0x83, 0x08, 0x83, 0x08, 0x83, 0x08,
    0x83, 0x08, 0x83, 0x08, 0x83, 0x08, 0x83, 0x08, 0x83, 0x08, 0x83, 0x08, 0x83, 0x08, 0x83, 0x08,
    0x6d, 0x6b, 0xeb, 0x5a, 0x89, 0x52, 0xea, 0x29, 0xac, 0x82, 0xe6, 0xa1, 0x10, 0x5b, 0x59, 0x64,
    0x79, 0x64, 0xb5, 0x53, 0x11, 0x4b, 0x58, 0x64, 0x38, 0x64, 0x38, 0x64, 0x38, 0x64, 0x18, 0x64,
    0x39, 0x64, 0x59, 0x64, 0x18, 0x64, 0x8d, 0x3a, 0xec, 0x52, 0xb4, 0x5b, 0x52, 0x53, 0xb6, 0xbd,
    0xba, 0xde, 0x09, 0x3a, 0x4d, 0x2a, 0x90, 0x63, 0xf1, 0x73, 0xb4, 0x53, 0x59, 0x64, 0x18, 0x5c,
    0x59, 0x64, 0x38, 0x64, 0x38, 0x64, 0x38, 0x64, 0x38, 0x64, 0x38, 0x64, 0x38, 0x64, 0xf6, 0x5b,
    0x46, 0x21, 0x03, 0x21, 0xa2, 0x10, 0xf7, 0xc5, 0xd3, 0x9c, 0xe3, 0x18, 0x82, 0x10, 0xef, 0x7b,
    0x83, 0x08, 0x83, 0x08, 0x83, 0x08, 0x83, 0x08, 0x83, 0x08, 0x83, 0x08, 0x83, 0x08, 0x83, 0x08,
    0x83, 0x08, 0x83, 0x08, 0x83, 0x08, 0x83, 0x08, 0x83, 0x08, 0x83, 0x08, 0x83, 0x08, 0x83, 0x08,
    0x83, 0x08, 0x83, 0x08, 0x83, 0x08, 0x83, 0x08, 0x83, 0x08, 0x83, 0x08, 0x83, 0x08, 0x83, 0x08,
    0x83, 0x08, 0x83, 0x08, 0x83, 0x08, 0x83, 0x08, 0x83, 0x08, 0x83, 0x08, 0x83, 0x08, 0x83, 0x08,
    0x83, 0x08, 0x83, 0x08, 0x83, 0x08, 0x83, 0x08, 0x83, 0x08, 0x83, 0x08, 0x83, 0x08, 0x83, 0x08,
    0x83, 0x08, 0x83, 0x08, 0x83, 0x08, 0x83, 0x08, 0x83, 0x08, 0x83, 0x08, 0x83, 0x08, 0x83, 0x08,
    0x83, 0x08, 0x83, 0x08, 0x83, 0x08, 0x83, 0x08, 0x83, 0x08, 0x83, 0x08, 0x83, 0x08, 0x83, 0x08,
    0x83, 0x08, 0x83, 0x08, 0x83, 0x08, 0x83, 0x08, 0x83, 0x08, 0x83, 0x08, 0x83, 0x08, 0x83, 0x08,
    0x83, 0x08, 0x83, 0x08, 0x83, 0x08, 0x83, 0x08, 0x83, 0x08, 0x83, 0x08, 0x83, 0x08, 0x59, 0xce,
    0x6d, 0x6b, 0x71, 0x8c, 0x45, 0x29, 0x4c, 0x3a, 0x52, 0x4b, 0x94, 0x53, 0x38, 0x64, 0x38, 0x64,
    0x38, 0x64, 0x18, 0x5c, 0x18, 0x5c, 0x59, 0x64, 0x38, 0x64, 0x38, 0x64, 0x38, 0x64, 0x59, 0x64,
    0xb5, 0x53, 0xb6, 0x53, 0x71, 0x5b, 0x99, 0xce, 0xde, 0xff, 0x50, 0x5b, 0x8e, 0x3a, 0x5c, 0xef,
    0xbe, 0xff, 0x30, 0x8c, 0x51, 0x8c, 0x18, 0xc6, 0x9d, 0xf7, 0x8d, 0x42, 0x30, 0x53, 0x50, 0x63,
    0xd5, 0x53, 0x58, 0x64, 0x38, 0x64, 0x38, 0x64, 0x38, 0x64, 0x38, 0x64, 0x38, 0x64, 0x17, 0x5c,
    0xac, 0x4a, 0xe7, 0x39, 0x82, 0x10, 0x0c, 0x63, 0x6e, 0x73, 0xe7, 0x41, 0x0c, 0x63, 0xeb, 0x5a,
    0x79, 0xce, 0x83, 0x08, 0x83, 0x08, 0x83, 0x08, 0x83, 0x08, 0x83, 0x08, 0x83, 0x08, 0x83, 0x08,
    0x83, 0x08, 0x83, 0x08, 0x83, 0x08, 0x83, 0x08, 0x83, 0x08, 0x83, 0x08, 0x83, 0x08, 0x83, 0x08,
    0x83, 0x08, 0x83, 0x08, 0x83, 0x08, 0x83, 0x08, 0x83, 0x08, 0x83, 0x08, 0x83, 0x08, 0x83, 0x08,
    0x83, 0x08, 0x83, 0x08, 0x83, 0x08, 0x83, 0x08, 0x83, 0x08, 0x83, 0x08, 0x83, 0x08, 0x83, 0x08,
    0x83, 0x08, 0x83, 0x08, 0x83, 0x08, 0x83, 0x08, 0x83, 0x08, 0x83, 0x08, 0x83, 0x08, 0x83, 0x08,
    0x83, 0x08, 0x83, 0x08, 0x83, 0x08, 0x83, 0x08, 0x83, 0x08, 0x83, 0x08, 0x83, 0x08, 0x83, 0x08,
    0x83, 0x08, 0x83, 0x08, 0x83, 0x08, 0x83, 0x08, 0x83, 0x08, 0x83, 0x08, 0x83, 0x08, 0x83, 0x08,
    0x83, 0x08, 0x83, 0x08, 0x83, 0x08, 0x83, 0x08, 0x83, 0x08, 0x83, 0x08, 0x83, 0x08, 0x83, 0x08,
    0x83, 0x08, 0x83, 0x08, 0x83, 0x08, 0x83, 0x08, 0x83, 0x08, 0x83, 0x08, 0x14, 0xa5, 0x41, 0x08,
    0x10, 0x84, 0x8e, 0x73, 0x41, 0x08, 0xb3, 0x5b, 0x73, 0x53, 0xf6, 0x63, 0x38, 0x64, 0x38, 0x64,
    0x38, 0x64, 0x0e, 0x53, 0xc9, 0x62, 0x52, 0x53, 0x59, 0x64, 0x38, 0x64, 0x58, 0x64, 0x73, 0x4b,
    0x52, 0x84, 0x11, 0x74, 0x2c, 0x32, 0x99, 0xd6, 0xff, 0xff, 0x96, 0xb5, 0xfb, 0xe6, 0x7d, 0xef,
    0x1c, 0xe7, 0x9a, 0xd6, 0xff, 0xff, 0xda, 0xde, 0xff, 0xff, 0x7a, 0xce, 0x58, 0xce, 0x9d, 0xf7,
    0x4f, 0x5b, 0xf8, 0x5b, 0x58, 0x64, 0x38, 0x64, 0x38, 0x64, 0x38, 0x64, 0x38, 0x64, 0x39, 0x64,
    0xce, 0x4a, 0x0b, 0x63, 0xc3, 0x18, 0xc3, 0x18, 0x62, 0x10, 0x8a, 0x52, 0x71, 0x8c, 0x08, 0x42,
    0x69, 0x4a, 0xdb, 0xde, 0x83, 0x08, 0x83, 0x08, 0x83, 0x08, 0x83, 0x08, 0x83, 0x08, 0x83, 0x08,
    0x83, 0x08, 0x83, 0x08, 0x83, 0x08, 0x83, 0x08, 0x83, 0x08, 0x83, 0x08, 0x83, 0x08, 0x83, 0x08,
    0x83, 0x08, 0x83, 0x08, 0x83, 0x08, 0x83, 0x08, 0x83, 0x08, 0x83, 0x08, 0x83, 0x08, 0x83, 0x08,
    0x83, 0x08, 0x83, 0x08, 0x83, 0x08, 0x83, 0x08, 0x83, 0x08, 0x83, 0x08, 0x83, 0x08, 0x83, 0x08,
    0x83, 0x08, 0x83, 0x08, 0x83, 0x08, 0x83, 0x08, 0x83, 0x08, 0x83, 0x08, 0x83, 0x08, 0x83, 0x08,
    0x83, 0x08, 0x83, 0x08, 0x83, 0x08, 0x83, 0x08, 0x83, 0x08, 0x83, 0x08, 0x83, 0x08, 0x83, 0x08,
    0x83, 0x08, 0x83, 0x08, 0x83, 0x08, 0x83, 0x08, 0x83, 0x08, 0x83, 0x08, 0x83, 0x08, 0x83, 0x08,
    0x83, 0x08, 0x83, 0x08, 0x83, 0x08, 0x83, 0x08, 0x83, 0x08, 0x83, 0x08, 0x83, 0x08, 0x83, 0x08,
    0x83, 0x08, 0x83, 0x08, 0x83, 0x08, 0x83, 0x08, 0x83, 0x08, 0x38, 0xc6, 0xe3, 0x18, 0xa6, 0x31,
    0xd7, 0xbd, 0x86, 0x31, 0xc2, 0x18, 0xb4, 0x53, 0x99, 0x64, 0x38, 0x64, 0x38, 0x64, 0x59, 0x64,
    0x95, 0x53, 0x29, 0x7b, 0xcc, 0xc4, 0xca, 0x62, 0xf7, 0x5b, 0x99, 0x6c, 0xf8, 0x5b, 0x8f, 0x63,
    0xff, 0xff, 0xba, 0xd6, 0x75, 0xad, 0x18, 0xc6, 0xff, 0xff, 0xf7, 0xc5, 0x99, 0xde, 0x13, 0xa5,
    0xf3, 0xa4, 0x51, 0x8c, 0xf3, 0xa4, 0x30, 0x8c, 0x59, 0xce, 0x13, 0xa5, 0x5c, 0xef, 0x9e, 0xf7,
    0x6e, 0x6b, 0x71, 0x5b, 0x17, 0x5c, 0x38, 0x64, 0x38, 0x64, 0x38, 0x64, 0x38, 0x64, 0x79, 0x64,
    0xaf, 0x42, 0x4c, 0x73, 0xe4, 0x18, 0x8e, 0x73, 0x2c, 0x63, 0x24, 0x21, 0x6e, 0x73, 0x08, 0x42,
    0x69, 0x4a, 0x9a, 0xd6, 0x83, 0x08, 0x83, 0x08, 0x83, 0x08, 0x83, 0x08, 0x83, 0x08, 0x83, 0x08,
    0x83, 0x08, 0x83, 0x08, 0x83, 0x08, 0x83, 0x08, 0x83, 0x08, 0x83, 0x08, 0x83, 0x08, 0x83, 0x08,
    0x83, 0x08, 0x83, 0x08, 0x83, 0x08, 0x83, 0x08, 0x83, 0x08, 0x83, 0x08, 0x83, 0x08, 0x83, 0x08,
    0x83, 0x08, 0x83, 0x08, 0x83, 0x08, 0x83, 0x08, 0x83, 0x08, 0x83, 0x08, 0x83, 0x08, 0x83, 0x08,
    0x83, 0x08, 0x83, 0x08, 0x83, 0x08, 0x83, 0x08, 0x83, 0x08, 0x83, 0x08, 0x83, 0x08, 0x83, 0x08,
    0x83, 0x08, 0x83, 0x08, 0x83, 0x08, 0x83, 0x08, 0x83, 0x08, 0x83, 0x08, 0x83, 0x08, 0x83, 0x08,
    0x83, 0x08, 0x83, 0x08, 0x83, 0x08, 0x83, 0x08, 0x83, 0x08, 0x83, 0x08, 0x83, 0x08, 0x83, 0x08,
    0x83, 0x08, 0x83, 0x08, 0x83, 0x08, 0x83, 0x08, 0x83, 0x08, 0x83, 0x08, 0x83, 0x08, 0x83, 0x08,
    0x83, 0x08, 0x83, 0x08, 0x83, 0x08, 0x83, 0x08, 0xfb, 0xde, 0x66, 0x29, 0xa3, 0x10, 0x6d, 0x6b,
    0x75, 0xad, 0xa2, 0x10, 0x04, 0x21, 0x93, 0x53, 0x59, 0x64, 0x38, 0x64, 0x38, 0x64, 0x38, 0x64,
    0xf7, 0x53, 0x0b, 0x73, 0xcd, 0xc4, 0xaa, 0x93, 0x32, 0x4b, 0xb5, 0x53, 0xf7, 0x5b, 0xad, 0x42,
    0x58, 0xce, 0xff, 0xff, 0x1b, 0xe7, 0x71, 0x94, 0xaf, 0x73, 0x4f, 0x5b, 0xae, 0x4a, 0x11, 0x4b,
    0x11, 0x43, 0x32, 0x4b, 0x32, 0x4b, 0x32, 0x4b, 0xf1, 0x42, 0xaf, 0x42, 0x50, 0x5b, 0x6f, 0x6b,
    0x92, 0x8c, 0x8e, 0x73, 0x73, 0x4b, 0x9a, 0x6c, 0x59, 0x64, 0x38, 0x5c, 0x38, 0x64, 0x79, 0x64,
    0x31, 0x43, 0x2c, 0x6b, 0x66, 0x31, 0x75, 0xad, 0x92, 0x94, 0xc3, 0x18, 0x92, 0x94, 0xef, 0x83,
    0x10, 0x84, 0x83, 0x08, 0x83, 0x08, 0x83, 0x08, 0x83, 0x08, 0x83, 0x08, 0x83, 0x08, 0x83, 0x08,
    0x83, 0x08, 0x83, 0x08, 0x83, 0x08, 0x83, 0x08, 0x83, 0x08, 0x83, 0x08, 0x83, 0x08, 0x83, 0x08,
    0x83, 0x08, 0x83, 0x08, 0x83, 0x08, 0x83, 0x08, 0x83, 0x08, 0x83, 0x08, 0x83, 0x08, 0x83, 0x08,
    0x83, 0x08, 0x83, 0x08, 0x83, 0x08, 0x83, 0x08, 0x83, 0x08, 0x83, 0x08, 0x83, 0x08, 0x83, 0x08,
    0x83, 0x08, 0x83, 0x08, 0x83, 0x08, 0x83, 0x08, 0x83, 0x08, 0x83, 0x08, 0x83, 0x08, 0x83, 0x08,
    0x83, 0x08, 0x83, 0x08, 0x83, 0x08, 0x83, 0x08, 0x83, 0x08, 0x83, 0x08, 0x83, 0x08, 0x83, 0x08,
    0x83, 0x08, 0x83, 0x08, 0x83, 0x08, 0x83, 0x08, 0x83, 0x08, 0x83, 0x08, 0x83, 0x08, 0x83, 0x08,
    0x83, 0x08, 0xf7, 0xdd, 0x96, 0xd5, 0xd6, 0xdd, 0xd7, 0xdd, 0xf7, 0xe5, 0x38, 0xe6, 0x79, 0xee,
    0xba, 0xf6, 0xfb, 0xf6, 0x1c, 0xf7, 0x83, 0x08, 0xb6, 0xcd, 0x08, 0x52, 0xc6, 0x41, 0x34, 0xb5,
    0x51, 0x94, 0x82, 0x18, 0xa2, 0x10, 0x53, 0x4b, 0x79, 0x64, 0x38, 0x64, 0x38, 0x64, 0x38, 0x64,
    0x59, 0x64, 0xee, 0x52, 0x2b, 0xac, 0x2f, 0xcd, 0xaa, 0x52, 0x72, 0x84, 0x0d, 0x5b, 0xdb, 0xde,
    0x99, 0xde, 0x30, 0x8c, 0x2f, 0x5b, 0xd1, 0x42, 0xb6, 0x53, 0x38, 0x5c, 0x79, 0x64, 0x79, 0x64,
    0x79, 0x64, 0x59, 0x64, 0x59, 0x64, 0x59, 0x64, 0x59, 0x64, 0x59, 0x64, 0x18, 0x64, 0xd7, 0x53,
    0x74, 0x4b, 0xd0, 0x42, 0x6d, 0x3a, 0xae, 0x3a, 0xb4, 0x53, 0x79, 0x64, 0x59, 0x64, 0x7a, 0x6c,
    0xd6, 0x53, 0xec, 0x5a, 0x49, 0x4a, 0xef, 0x7b, 0xb6, 0xb5, 0x82, 0x10, 0xb2, 0x94, 0xf7, 0xc5,
    0x51, 0x8c, 0x83, 0x08, 0x83, 0x08, 0x83, 0x08, 0x83, 0x08, 0x83, 0x08, 0x83, 0x08, 0x83, 0x08,
    0x83, 0x08, 0x83, 0x08, 0x83, 0x08, 0x83, 0x08, 0x83, 0x08, 0x83, 0x08, 0x83, 0x08, 0x83, 0x08,
    0x83, 0x08, 0x83, 0x08, 0x83, 0x08, 0x83, 0x08, 0x83, 0x08, 0x83, 0x08, 0x83, 0x08, 0x83, 0x08,
    0x83, 0x08, 0x83, 0x08, 0x83, 0x08, 0x83, 0x08, 0x83, 0x08, 0x83, 0x08, 0x83, 0x08, 0x83, 0x08,
    0x83, 0x08, 0x83, 0x08, 0x83, 0x08, 0x83, 0x08, 0x83, 0x08, 0x83, 0x08, 0x83, 0x08, 0x83, 0x08,
    0x83, 0x08, 0x83, 0x08, 0x83, 0x08, 0x83, 0x08, 0x83, 0x08, 0x83, 0x08, 0x83, 0x08, 0x83, 0x08,
    0x83, 0x08, 0x83, 0x08, 0x83, 0x08, 0x83, 0x08, 0x83, 0x08, 0x83, 0x08, 0x83, 0x08, 0x83, 0x08,
    0x83, 0x08, 0x55, 0xcd, 0x51, 0xa4, 0x30, 0xa4, 0x10, 0xac, 0x10, 0xac, 0x30, 0xac, 0x30, 0xac,
    0x50, 0xb4, 0x71, 0xb4, 0x91, 0xb4, 0x92, 0xbc, 0xf3, 0xc4, 0xf3, 0xc4, 0xd3, 0xc4, 0x14, 0xcd,
    0xd3, 0xbc, 0x91, 0xb4, 0x8d, 0x93, 0x73, 0x5b, 0x79, 0x64, 0x38, 0x64, 0x38, 0x64, 0x38, 0x64,
    0x59, 0x64, 0x94, 0x53, 0x49, 0x83, 0x70, 0xd5, 0xcc, 0x93, 0x7d, 0xf7, 0x9e, 0xff, 0xd2, 0x9c,
    0x4f, 0x5b, 0x12, 0x43, 0x18, 0x5c, 0x79, 0x64, 0x59, 0x64, 0x38, 0x64, 0x18, 0x64, 0x38, 0x64,
    0x38, 0x64, 0x58, 0x64, 0x59, 0x64, 0x59, 0x64, 0x38, 0x64, 0x18, 0x64, 0x38, 0x64, 0x38, 0x64,
    0x59, 0x6c, 0x79, 0x6c, 0x58, 0x64, 0xb5, 0x53, 0xae, 0x42, 0x8d, 0x3a, 0xd5, 0x5b, 0x94, 0x53,
    0xaf, 0x3a, 0x29, 0x42, 0xa6, 0x39, 0xeb, 0x5a, 0x96, 0xb5, 0xa2, 0x10, 0xae, 0x7b, 0xf7, 0xbd,
    0x10, 0x84, 0x83, 0x08, 0x83, 0x08, 0x83, 0x08, 0x83, 0x08, 0x83, 0x08, 0x83, 0x08, 0x83, 0x08,
    0x83, 0x08, 0x83, 0x08, 0x83, 0x08, 0x83, 0x08, 0x83, 0x08, 0x83, 0x08, 0x83, 0x08, 0x83, 0x08,
    0x83, 0x08, 0x83, 0x08, 0x83, 0x08, 0x83, 0x08, 0x83, 0x08, 0x83, 0x08, 0x83, 0x08, 0x83, 0x08,
    0x83, 0x08, 0x83, 0x08, 0x83, 0x08, 0x83, 0x08, 0x83, 0x08, 0x83, 0x08, 0x83, 0x08, 0x83, 0x08,
    0x83, 0x08, 0x83, 0x08, 0x83, 0x08, 0x83, 0x08, 0x83, 0x08, 0x83, 0x08, 0x83, 0x08, 0x83, 0x08,
    0x83, 0x08, 0x83, 0x08, 0x83, 0x08, 0x83, 0x08, 0x83, 0x08, 0x83, 0x08, 0x83, 0x08, 0x83, 0x08,
    0x83, 0x08, 0x83, 0x08, 0x83, 0x08, 0x83, 0x08, 0x83, 0x08, 0x83, 0x08, 0x83, 0x08, 0x83, 0x08,
    0x83, 0x08, 0x83, 0x08, 0x83, 0x08, 0x1b, 0xf7, 0xda, 0xee, 0x99, 0xee, 0x38, 0xe6, 0xf7, 0xdd,
    0xb6, 0xdd, 0x75, 0xd5, 0xf3, 0xcc, 0xf3, 0xcc, 0xb2, 0xbc, 0xd3, 0xb4, 0x92, 0xbc, 0x71, 0xac,
    0xb2, 0xb4, 0x71, 0xa4, 0x75, 0xd5, 0x36, 0x84, 0x38, 0x5c, 0x38, 0x64, 0x38, 0x64, 0x38, 0x64,
    0x38, 0x64, 0x38, 0x5c, 0xeb, 0x5a, 0xad, 0xbc, 0x8e, 0xb4, 0xb1, 0x9c, 0x51, 0x84, 0x8f, 0x3a,
    0x18, 0x5c, 0x79, 0x64, 0x38, 0x64, 0x18, 0x5c, 0x38, 0x64, 0x38, 0x64, 0x79, 0x6c, 0x58, 0x64,
    0xf6, 0x5b, 0x94, 0x53, 0x74, 0x4b, 0x95, 0x53, 0xf7, 0x5b, 0x59, 0x64, 0x59, 0x64, 0x38, 0x64,
    0x38, 0x64, 0x38, 0x64, 0x38, 0x64, 0xd6, 0x53, 0xb5, 0x53, 0x94, 0x53, 0xc9, 0x29, 0x6d, 0x73,
    0xda, 0xde, 0x99, 0xd6, 0x34, 0xad, 0xae, 0x73, 0x8a, 0x52, 0x6d, 0x73, 0x8e, 0x73, 0x51, 0x8c,
    0x14, 0xa5, 0x83, 0x08, 0x83, 0x08, 0x83, 0x08, 0x83, 0x08, 0x83, 0x08, 0x83, 0x08, 0x83, 0x08,
    0x83, 0x08, 0x83, 0x08, 0x83, 0x08, 0x83, 0x08, 0x83, 0x08, 0x83, 0x08, 0x83, 0x08, 0x83, 0x08,
    0x83, 0x08, 0x83, 0x08, 0x83, 0x08, 0x83, 0x08, 0x83, 0x08, 0x83, 0x08, 0x83, 0x08, 0x83, 0x08,
    0x83, 0x08, 0x83, 0x08, 0x83, 0x08, 0x83, 0x08, 0x83, 0x08, 0x83, 0x08, 0x83, 0x08, 0x83, 0x08,
    0x83, 0x08, 0x83, 0x08, 0x83, 0x08, 0x83, 0x08, 0x83, 0x08, 0x83, 0x08, 0x83, 0x08, 0x83, 0x08,
    0x83, 0x08, 0x83, 0x08, 0x83, 0x08, 0x83, 0x08, 0x83, 0x08, 0x83, 0x08, 0x83, 0x08, 0x83, 0x08,
    0x83, 0x08, 0x83, 0x08, 0x83, 0x08, 0x83, 0x08, 0x83, 0x08, 0x83, 0x08, 0x83, 0x08, 0x83, 0x08,
    0x83, 0x08, 0x83, 0x08, 0x83, 0x08, 0x83, 0x08, 0x83, 0x08, 0x83, 0x08, 0x83, 0x08, 0x83, 0x08,
    0x83, 0x08, 0xfb, 0xfe, 0x9a, 0xfe, 0x58, 0xe6, 0x58, 0xf6, 0x37, 0xfe, 0x58, 0xf6, 0x59, 0xfe,
    0x8e, 0xa3, 0xcf, 0x93, 0x6d, 0x8b, 0x8e, 0x42, 0x79, 0x6c, 0x18, 0x64, 0x38, 0x64, 0x38, 0x64,
    0x18, 0x64, 0x59, 0x64, 0x73, 0x53, 0xaa, 0x93, 0x70, 0xd5, 0xaa, 0x62, 0x33, 0x43, 0x9a, 0x6c,
    0x38, 0x64, 0x38, 0x5c, 0x38, 0x5c, 0x38, 0x5c, 0x59, 0x64, 0x17, 0x5c, 0xf1, 0x42, 0x2c, 0x32,
    0x6b, 0x3a, 0xcc, 0x4a, 0xec, 0x52, 0xab, 0x4a, 0x2a, 0x3a, 0x4c, 0x32, 0x73, 0x4b, 0x58, 0x64,
    0x38, 0x64, 0x58, 0x64, 0x31, 0x53, 0x51, 0x84, 0xd3, 0x9c, 0x71, 0x5b, 0x38, 0x64, 0xef, 0x4a,
    0x55, 0xad, 0xff, 0xff, 0xff, 0xff, 0xff, 0xff, 0x18, 0xc6, 0x2c, 0x6b, 0xae, 0x73, 0xaa, 0x52,
    0x83, 0x08, 0x83, 0x08, 0x83, 0x08, 0x83, 0x08, 0x83, 0x08, 0x83, 0x08, 0x83, 0x08, 0x83, 0x08,
    0x83, 0x08, 0x83, 0x08, 0x83, 0x08, 0x83, 0x08, 0x83, 0x08, 0x83, 0x08, 0x83, 0x08, 0x83, 0x08,
    0x83, 0x08, 0x83, 0x08, 0x83, 0x08, 0x83, 0x08, 0x83, 0x08, 0x83, 0x08, 0x83, 0x08, 0x83, 0x08,
    0x83, 0x08, 0x83, 0x08, 0x83, 0x08, 0x83, 0x08, 0x83, 0x08, 0x83, 0x08, 0x83, 0x08, 0x83, 0x08,
    0x83, 0x08, 0x83, 0x08, 0x83, 0x08, 0x83, 0x08, 0x83, 0x08, 0x83, 0x08, 0x83, 0x08, 0x83, 0x08,
    0x83, 0x08, 0x83, 0x08, 0x83, 0x08, 0x83, 0x08, 0x83, 0x08, 0x83, 0x08, 0x83, 0x08, 0x83, 0x08,
    0x83, 0x08, 0x83, 0x08, 0x83, 0x08, 0x83, 0x08, 0x83, 0x08, 0x83, 0x08, 0x83, 0x08, 0x83, 0x08,
    0x83, 0x08, 0xfb, 0xf6, 0xdb, 0xfe, 0x39, 0xf6, 0x18, 0xde, 0x59, 0xe6, 0x38, 0xde, 0x79, 0xee,
    0xd7, 0xcd, 0x79, 0xe6, 0xb6, 0xbd, 0x0f, 0xa4, 0xb6, 0xc5, 0xda, 0xe6, 0x13, 0xb5, 0x95, 0xc5,
    0x71, 0xac, 0xe8, 0x39, 0xca, 0x5a, 0x0c, 0x2a, 0x79, 0x6c, 0x18, 0x5c, 0x38, 0x64, 0x37, 0x64,
    0x38, 0x64, 0x58, 0x64, 0x6e, 0x3a, 0xc8, 0x6a, 0x0f, 0xcd, 0x2e, 0x9c, 0x94, 0x53, 0x58, 0x64,
    0x38, 0x64, 0x38, 0x5c, 0x38, 0x5c, 0x58, 0x64, 0x53, 0x4b, 0x0b, 0x2a, 0x4d, 0x63, 0xb6, 0xb5,
    0x3c, 0xef, 0xde, 0xff, 0xff, 0xff, 0xde, 0xff, 0xfb, 0xe6, 0xf3, 0x9c, 0x4b, 0x42, 0x6e, 0x3a,
    0x37, 0x64, 0xb6, 0x53, 0xef, 0x7b, 0x79, 0xd6, 0x1b, 0xe7, 0xb2, 0x94, 0x53, 0x4b, 0x9b, 0x6c,
    0x4d, 0x3a, 0xf3, 0xa4, 0xff, 0xff, 0xbe, 0xf7, 0xff, 0xff, 0x5d, 0xef, 0xcb, 0x5a, 0xce, 0x7b,
    0x83, 0x08, 0x83, 0x08, 0x83, 0x08, 0x83, 0x08, 0x83, 0x08, 0x83, 0x08, 0x83, 0x08, 0x83, 0x08,
    0x83, 0x08, 0x83, 0x08, 0x83, 0x08, 0x83, 0x08, 0x83, 0x08, 0x83, 0x08, 0x83, 0x08, 0x83, 0x08,
    0x83, 0x08, 0x83, 0x08, 0x83, 0x08, 0x83, 0x08, 0x83, 0x08, 0x83, 0x08, 0x83, 0x08, 0x83, 0x08,
    0x83, 0x08, 0x83, 0x08, 0x83, 0x08, 0x83, 0x08, 0x83, 0x08, 0x83, 0x08, 0x83, 0x08, 0x83, 0x08,
    0x83, 0x08, 0x83, 0x08, 0x83, 0x08, 0x83, 0x08, 0x83, 0x08, 0x83, 0x08, 0x83, 0x08, 0x83, 0x08,
    0x83, 0x08, 0x83, 0x08, 0x83, 0x08, 0x83, 0x08, 0x83, 0x08, 0x83, 0x08, 0x83, 0x08, 0x83, 0x08,
    0x83, 0x08, 0x83, 0x08, 0x83, 0x08, 0x83, 0x08, 0x83, 0x08, 0x83, 0x08, 0xba, 0xf6, 0x59, 0xe6,
    0xd7, 0xd5, 0x95, 0xcd, 0x75, 0xcd, 0xdb, 0xee, 0xd3, 0xbc, 0x30, 0xa4, 0x50, 0xac, 0xd6, 0xbd,
    0x51, 0xb4, 0xce, 0x9b, 0x4d, 0x93, 0xce, 0xab, 0xef, 0x9b, 0x6d, 0x83, 0xef, 0xb3, 0xf7, 0xdd,
    0xef, 0x9b, 0x28, 0x42, 0x2c, 0x6b, 0xeb, 0x31, 0xbb, 0x6c, 0x18, 0x5c, 0x18, 0x5c, 0x39, 0x64,
    0x38, 0x64, 0x4c, 0x3a, 0x52, 0x4b, 0x50, 0x5b, 0x4c, 0xb4, 0x0e, 0xc5, 0x2e, 0x5b, 0x59, 0x64,
    0x38, 0x5c, 0x38, 0x5c, 0x58, 0x64, 0xf0, 0x42, 0x4b, 0x3a, 0xb7, 0xb5, 0xff, 0xff, 0xff, 0xff,
    0xff, 0xff, 0xdf, 0xff, 0xdf, 0xff, 0xdf, 0xff, 0xff, 0xff, 0xff, 0xff, 0x3c, 0xef, 0x4f, 0x63,
    0x6e, 0x3a, 0x94, 0x53, 0xd0, 0x7b, 0x58, 0xce, 0x38, 0xce, 0xd2, 0x9c, 0x32, 0x4b, 0x59, 0x64,
    0x59, 0x64, 0x6d, 0x3a, 0x37, 0xce, 0xff, 0xff, 0xde, 0xff, 0xdb, 0xde, 0x38, 0xce, 0x10, 0x84,
    0x83, 0x08, 0x83, 0x08, 0x83, 0x08, 0x83, 0x08, 0x83, 0x08, 0x83, 0x08, 0x83, 0x08, 0x83, 0x08,
    0x83, 0x08, 0x83, 0x08, 0x83, 0x08, 0x83, 0x08, 0x83, 0x08, 0x83, 0x08, 0x83, 0x08, 0x83, 0x08,
    0x83, 0x08, 0x83, 0x08, 0x83, 0x08, 0x83, 0x08, 0x83, 0x08, 0x83, 0x08, 0x83, 0x08, 0x83, 0x08,
    0x83, 0x08, 0x83, 0x08, 0x83, 0x08, 0x83, 0x08, 0x83, 0x08, 0x83, 0x08, 0x83, 0x08, 0x83, 0x08,
    0x83, 0x08, 0x83, 0x08, 0x83, 0x08, 0x83, 0x08, 0x83, 0x08, 0x83, 0x08, 0x83, 0x08, 0x83, 0x08,
    0x83, 0x08, 0x83, 0x08, 0x83, 0x08, 0x83, 0x08, 0x83, 0x08, 0x83, 0x08, 0x83, 0x08, 0x83, 0x08,
    0x83, 0x08, 0x83, 0x08, 0x83, 0x08, 0x83, 0x08, 0x83, 0x08, 0x18, 0xee, 0x95, 0xc5, 0xd3, 0xc4,
    0x92, 0xcc, 0x0f, 0xc4, 0xef, 0xc3, 0x59, 0xc6, 0x14, 0xd5, 0x6d, 0x9b, 0x71, 0xdc, 0x91, 0xac,
    0xb2, 0xd4, 0x30, 0xd4, 0x30, 0xb4, 0x6d, 0x9b, 0xae, 0xa3, 0x51, 0xac, 0x51, 0xac, 0xfb, 0xfe,
    0xeb, 0x7a, 0xe7, 0x39, 0xef, 0x83, 0xe5, 0x10, 0x52, 0x53, 0x50, 0x5b, 0x70, 0x5b, 0x71, 0x5b,
    0x2c, 0x3a, 0x73, 0x53, 0x7a, 0x64, 0xae, 0x42, 0x69, 0x8b, 0x2f, 0xcd, 0xad, 0x83, 0xd6, 0x53,
    0x38, 0x64, 0x59, 0x64, 0x32, 0x43, 0x6c, 0x3a, 0x9a, 0xd6, 0xff, 0xff, 0xde, 0xff, 0xbe, 0xff,
    0xdf, 0xff, 0xdf, 0xff, 0xdf, 0xff, 0xdf, 0xff, 0xdf, 0xff, 0xbe, 0xff, 0xff, 0xff, 0x9e, 0xf7,
    0x0e, 0x5b, 0xaf, 0x3a, 0x51, 0x53, 0xd0, 0x7b, 0x71, 0x8c, 0x2f, 0x53, 0x17, 0x5c, 0x38, 0x64,
    0x38, 0x64, 0xf8, 0x5b, 0xed, 0x52, 0x9d, 0xf7, 0xff, 0xff, 0x14, 0xa5, 0x79, 0xce, 0x91, 0x94,
    0x79, 0xce, 0x83, 0x08, 0x83, 0x08, 0x83, 0x08, 0x83, 0x08, 0x83, 0x08, 0x83, 0x08, 0x83, 0x08,
    0x83, 0x08, 0x83, 0x08, 0x83, 0x08, 0x83, 0x08, 0x83, 0x08, 0x83, 0x08, 0x83, 0x08, 0x83, 0x08,
    0x83, 0x08, 0x83, 0x08, 0x83, 0x08, 0x83, 0x08, 0x83, 0x08, 0x83, 0x08, 0x83, 0x08, 0x83, 0x08,
    0x83, 0x08, 0x83, 0x08, 0x83, 0x08, 0x83, 0x08, 0x83, 0x08, 0x83, 0x08, 0x83, 0x08, 0x83, 0x08,
    0x83, 0x08, 0x83, 0x08, 0x83, 0x08, 0x83, 0x08, 0x83, 0x08, 0x83, 0x08, 0x83, 0x08, 0x83, 0x08,
    0x83, 0x08, 0x83, 0x08, 0x83, 0x08, 0x83, 0x08, 0x83, 0x08, 0x83, 0x08, 0x83, 0x08, 0x83, 0x08,
    0x83, 0x08, 0x83, 0x08, 0x83, 0x08, 0x83, 0x08, 0x83, 0x08, 0x38, 0xde, 0xef, 0xb3, 0xb2, 0xec,
    0xb2, 0xd4, 0x96, 0xb5, 0x71, 0xd4, 0x92, 0xb4, 0xb3, 0xcc, 0x6d, 0x9b, 0xcf, 0xbb, 0xce, 0xa3,
    0x8e, 0xa3, 0x92, 0xdc, 0x51, 0xb4, 0x30, 0xbc, 0x92, 0xd4, 0x59, 0xce, 0xef, 0xb3, 0xf7, 0xd5,
    0x71, 0xb4, 0x04, 0x21, 0x0c, 0x63, 0x4d, 0x6b, 0x79, 0xce, 0x7d, 0xf7, 0xff, 0xff, 0xcf, 0x7b,
    0x11, 0x4b, 0x9b, 0x6c, 0x0f, 0x53, 0x34, 0xa5, 0xed, 0x83, 0x8c, 0xb4, 0x8e, 0xb4, 0x31, 0x53,
    0x59, 0x64, 0xf6, 0x5b, 0x0b, 0x2a, 0x18, 0xc6, 0xff, 0xff, 0xbe, 0xff, 0xdf, 0xff, 0xdf, 0xff,
    0xdf, 0xff, 0xdf, 0xff, 0xdf, 0xff, 0xdf, 0xff, 0xdf, 0xff, 0xdf, 0xff, 0xbe, 0xff, 0xff, 0xff,
    0xdb, 0xde, 0xea, 0x31, 0xf7, 0x5b, 0xd6, 0x5b, 0x74, 0x4b, 0x18, 0x5c, 0x38, 0x64, 0x38, 0x64,
    0x18, 0x64, 0x79, 0x6c, 0x12, 0x43, 0xd3, 0x9c, 0xff, 0xff, 0x75, 0xad, 0x38, 0xc6, 0x38, 0xc6,
    0xb2, 0x94, 0x83, 0x08, 0x83, 0x08, 0x83, 0x08, 0x83, 0x08, 0x83, 0x08, 0x83, 0x08, 0x83, 0x08,
    0x83, 0x08, 0x83, 0x08, 0x83, 0x08, 0x83, 0x08, 0x83, 0x08, 0x83, 0x08, 0x83, 0x08, 0x83, 0x08,
    0x83, 0x08, 0x83, 0x08, 0x83, 0x08, 0x83, 0x08, 0x83, 0x08, 0x83, 0x08, 0x83, 0x08, 0x83, 0x08,
    0x83, 0x08, 0x83, 0x08, 0x83, 0x08, 0x83, 0x08, 0x83, 0x08, 0x83, 0x08, 0x83, 0x08, 0x83, 0x08,
    0x83, 0x08, 0x83, 0x08, 0x83, 0x08, 0x83, 0x08, 0x83, 0x08, 0x83, 0x08, 0x83, 0x08, 0x83, 0x08,
    0x83, 0x08, 0x83, 0x08, 0x83, 0x08, 0x83, 0x08, 0x83, 0x08, 0x83, 0x08, 0x83, 0x08, 0x83, 0x08,
    0x83, 0x08, 0x83, 0x08, 0x83, 0x08, 0x83, 0x08, 0x83, 0x08, 0x38, 0xee, 0x18, 0xc6, 0xb2, 0xbc,
    0x71, 0xd4, 0x9a, 0xd6, 0xb2, 0xd4, 0x50, 0xbc, 0x30, 0xc4, 0xcf, 0xb3, 0x30, 0xbc, 0x30, 0xc4,
    0xce, 0xab, 0x8e, 0xab, 0x51, 0xb4, 0x30, 0xbc, 0xef, 0xb3, 0x4c, 0x8b, 0x30, 0xa4, 0x9a, 0xee,
    0x4d, 0x83, 0x24, 0x19, 0xd7, 0xbd, 0xff, 0xff, 0xff, 0xff, 0xff, 0xff, 0x55, 0xad, 0xd0, 0x42,
    0x9a, 0x6c, 0xb6, 0x53, 0xcf, 0x73, 0xba, 0xde, 0x71, 0x94, 0xca, 0x93, 0x2f, 0xd5, 0x6e, 0x6b,
    0x39, 0x5c, 0x12, 0x43, 0x6d, 0x63, 0xff, 0xff, 0xbe, 0xff, 0xdf, 0xff, 0xdf, 0xff, 0xdf, 0xff,
    0xdf, 0xff, 0xdf, 0xff, 0xff, 0xff, 0xdf, 0xff, 0xdf, 0xff, 0xdf, 0xff, 0xdf, 0xff, 0xbe, 0xff,
    0xff, 0xff, 0xef, 0x7b, 0x53, 0x4b, 0x9a, 0x6c, 0x59, 0x64, 0x38, 0x64, 0x38, 0x64, 0x38, 0x64,
    0x38, 0x64, 0x38, 0x64, 0x39, 0x64, 0xce, 0x4a, 0x7c, 0xef, 0xff, 0xff, 0xff, 0xff, 0xbe, 0xf7,
    0x51, 0x8c, 0x83, 0x08, 0x83, 0x08, 0x83, 0x08, 0x83, 0x08, 0x83, 0x08, 0x83, 0x08, 0x83, 0x08,
    0x83, 0x08, 0x83, 0x08, 0x83, 0x08, 0x83, 0x08, 0x83, 0x08, 0x83, 0x08, 0x83, 0x08, 0x83, 0x08,
    0x83, 0x08, 0x83, 0x08, 0x83, 0x08, 0x83, 0x08, 0x83, 0x08, 0x83, 0x08, 0x83, 0x08, 0x83, 0x08,
    0x83, 0x08, 0x83, 0x08, 0x83, 0x08, 0x83, 0x08, 0x83, 0x08, 0x83, 0x08, 0x83, 0x08, 0x83, 0x08,
    0x83, 0x08, 0x83, 0x08, 0x83, 0x08, 0x83, 0x08, 0x83, 0x08, 0x83, 0x08, 0x83, 0x08, 0x83, 0x08,
    0x83, 0x08, 0x83, 0x08, 0x83, 0x08, 0x83, 0x08, 0x83, 0x08, 0x83, 0x08, 0x83, 0x08, 0x83, 0x08,
    0x83, 0x08, 0x83, 0x08, 0x83, 0x08, 0x83, 0x08, 0x83, 0x08, 0x1c, 0xf7, 0xba, 0xfe, 0x95, 0xcd,
    0x30, 0xc4, 0x99, 0xd6, 0x30, 0xcc, 0xd6, 0xbd, 0x92, 0xbc, 0x10, 0xcc, 0x13, 0xad, 0x30, 0xc4,
    0x91, 0xbc, 0x55, 0xb5, 0x95, 0xbd, 0x71, 0xa4, 0x76, 0xb5, 0x34, 0xb5, 0x18, 0xde, 0x14, 0xcd,
    0x28, 0x52, 0xb6, 0xcd, 0x9d, 0xff, 0x59, 0xee, 0x79, 0xee, 0xda, 0xfe, 0x11, 0x9c, 0x17, 0x64,
    0x58, 0x64, 0x18, 0x5c, 0x4f, 0x5b, 0xb5, 0xbd, 0x75, 0xb5, 0x49, 0x7b, 0xee, 0xc4, 0x0d, 0x9c,
    0xb5, 0x5b, 0x12, 0x43, 0x95, 0xb5, 0xff, 0xff, 0xbe, 0xff, 0xdf, 0xff, 0xdf, 0xff, 0xdf, 0xff,
    0xdf, 0xff, 0xff, 0xff, 0xbe, 0xff, 0xde, 0xff, 0xdf, 0xff, 0xdf, 0xff, 0xdf, 0xff, 0xde, 0xff,
    0xff, 0xff, 0x58, 0xce, 0xf0, 0x42, 0x79, 0x64, 0x17, 0x5c, 0x38, 0x64, 0x38, 0x64, 0x38, 0x64,
    0x38, 0x64, 0x18, 0x64, 0x7a, 0x64, 0x12, 0x43, 0x34, 0xad, 0xff, 0xff, 0xbe, 0xf7, 0xdf, 0xff,
    0x71, 0x8c, 0x83, 0x08, 0x83, 0x08, 0x83, 0x08, 0x83, 0x08, 0x83, 0x08, 0x83, 0x08, 0x83, 0x08,
    0x83, 0x08, 0x83, 0x08, 0x83, 0x08, 0x83, 0x08, 0x83, 0x08, 0x83, 0x08, 0x83, 0x08, 0x83, 0x08,
    0x83, 0x08, 0x83, 0x08, 0x83, 0x08, 0x83, 0x08, 0x83, 0x08, 0x83, 0x08, 0x83, 0x08, 0x83, 0x08,
    0x83, 0x08, 0x83, 0x08, 0x83, 0x08, 0x83, 0x08, 0x83, 0x08, 0x83, 0x08, 0x83, 0x08, 0x83, 0x08,
    0x83, 0x08, 0x83, 0x08, 0x83, 0x08, 0x83, 0x08, 0x83, 0x08, 0x83, 0x08, 0x83, 0x08, 0x83, 0x08,
    0x83, 0x08, 0x83, 0x08, 0x83, 0x08, 0x83, 0x08, 0x83, 0x08, 0x83, 0x08, 0x83, 0x08, 0x83, 0x08,
    0x83, 0x08, 0x83, 0x08, 0x83, 0x08, 0x83, 0x08, 0x83, 0x08, 0x83, 0x08, 0xfc, 0xfe, 0xb6, 0xd5,
    0x50, 0xbc, 0xfb, 0xd6, 0xef, 0xb3, 0x18, 0xce, 0x30, 0xb4, 0x30, 0xac, 0xda, 0xde, 0x96, 0xc5,
    0xf7, 0xdd, 0x18, 0xf6, 0x17, 0xfe, 0x38, 0xe6, 0x9a, 0xfe, 0x79, 0xfe, 0x18, 0xf6, 0x95, 0xd5,
    0x18, 0xde, 0x38, 0xde, 0x38, 0xe6, 0x99, 0xe6, 0xb2, 0xb4, 0x55, 0xbd, 0x58, 0xe6, 0x17, 0xb5,
    0xf8, 0x5b, 0x59, 0x64, 0xd6, 0x5b, 0x2f, 0x53, 0x91, 0x5b, 0xcc, 0x52, 0x4c, 0xb4, 0xce, 0xc4,
    0x51, 0x63, 0x11, 0x4b, 0xda, 0xde, 0xff, 0xff, 0xdf, 0xff, 0xdf, 0xff, 0xdf, 0xff, 0xdf, 0xff,
    0xdf, 0xff, 0x3c, 0xef, 0x95, 0xb5, 0x79, 0xd6, 0xdf, 0xff, 0xdf, 0xff, 0xdf, 0xff, 0xdf, 0xff,
    0xff, 0xff, 0x5c, 0xef, 0xef, 0x52, 0x39, 0x64, 0x38, 0x64, 0x38, 0x64, 0x18, 0x64, 0x38, 0x64,
    0x38, 0x64, 0x38, 0x64, 0x38, 0x64, 0xd7, 0x53, 0x6f, 0x6b, 0xff, 0xff, 0xdf, 0xff, 0xbe, 0xff,
    0x50, 0x8c, 0x83, 0x08, 0x83, 0x08, 0x83, 0x08, 0x83, 0x08, 0x83, 0x08, 0x83, 0x08, 0x83, 0x08,
    0x83, 0x08, 0x83, 0x08, 0x83, 0x08, 0x83, 0x08, 0x83, 0x08, 0x83, 0x08, 0x83, 0x08, 0x83, 0x08,
    0x83, 0x08, 0x83, 0x08, 0x83, 0x08, 0x83, 0x08, 0x83, 0x08, 0x83, 0x08, 0x83, 0x08, 0x83, 0x08,
    0x83, 0x08, 0x83, 0x08, 0x83, 0x08, 0x83, 0x08, 0x83, 0x08, 0x83, 0x08, 0x83, 0x08, 0x83, 0x08,
    0x83, 0x08, 0x83, 0x08, 0x83, 0x08, 0x83, 0x08, 0x83, 0x08, 0x83, 0x08, 0x83, 0x08, 0x83, 0x08,
    0x83, 0x08, 0x83, 0x08, 0x83, 0x08, 0x83, 0x08, 0x83, 0x08, 0x83, 0x08, 0x83, 0x08, 0x83, 0x08,
    0x83, 0x08, 0x83, 0x08, 0x83, 0x08, 0x83, 0x08, 0x83, 0x08, 0x83, 0x08, 0x83, 0x08, 0x18, 0xde,
    0x30, 0xa4, 0x3c, 0xef, 0x75, 0xc5, 0xba, 0xe6, 0xd6, 0xc5, 0x59, 0xe6, 0xd7, 0xfd, 0xf8, 0xfd,
    0x18, 0xfe, 0x38, 0xee, 0xf7, 0xdd, 0x79, 0xf6, 0x55, 0xbd, 0x34, 0xc5, 0xf3, 0xbc, 0x34, 0xc5,
    0x30, 0xa4, 0x6d, 0x9b, 0xcf, 0xa3, 0xb6, 0xbd, 0xef, 0xb3, 0x6d, 0x93, 0x33, 0xc5, 0x98, 0xcd,
    0xf8, 0x5b, 0x38, 0x64, 0x59, 0x64, 0x39, 0x64, 0x39, 0x64, 0x95, 0x53, 0x8a, 0x8b, 0x0e, 0xd5,
    0xce, 0x83, 0xae, 0x42, 0x3c, 0xef, 0xff, 0xff, 0xdf, 0xff, 0xdf, 0xff, 0xdf, 0xff, 0xde, 0xff,
    0xff, 0xff, 0xb6, 0xbd, 0xd7, 0xbd, 0xf7, 0xc5, 0x9e, 0xf7, 0xff, 0xff, 0xdf, 0xff, 0xdf, 0xff,
    0xff, 0xff, 0x9d, 0xf7, 0x2f, 0x5b, 0x18, 0x5c, 0x38, 0x64, 0x38, 0x64, 0x59, 0x64, 0x18, 0x5c,
    0x38, 0x64, 0x58, 0x64, 0x18, 0x64, 0x59, 0x64, 0xef, 0x4a, 0xfb, 0xe6, 0xff, 0xff, 0xda, 0xde,
    0x71, 0x8c, 0x83, 0x08, 0x83, 0x08, 0x83, 0x08, 0x83, 0x08, 0x83, 0x08, 0x83, 0x08, 0x83, 0x08,
    0x83, 0x08, 0x83, 0x08, 0x83, 0x08, 0x83, 0x08, 0x83, 0x08, 0x83, 0x08, 0x83, 0x08, 0x83, 0x08,
    0x83, 0x08, 0x83, 0x08, 0x83, 0x08, 0x83, 0x08, 0x83, 0x08, 0x83, 0x08, 0x83, 0x08, 0x83, 0x08,
    0x83, 0x08, 0x83, 0x08, 0x83, 0x08, 0x83, 0x08, 0x83, 0x08, 0x83, 0x08, 0x83, 0x08, 0x83, 0x08,
    0x83, 0x08, 0x83, 0x08, 0x83, 0x08, 0x83, 0x08, 0x83, 0x08, 0x83, 0x08, 0x83, 0x08, 0x83, 0x08,
    0x83, 0x08, 0x83, 0x08, 0x83, 0x08, 0x83, 0x08, 0x83, 0x08, 0x83, 0x08, 0x83, 0x08, 0x83, 0x08,
    0x83, 0x08, 0x83, 0x08, 0x83, 0x08, 0x83, 0x08, 0x83, 0x08, 0x83, 0x08, 0x83, 0x08, 0xf7, 0xed,
    0x38, 0xd6, 0x58, 0xfe, 0xda, 0xfe, 0xf7, 0xfd, 0x3c, 0xef, 0x79, 0xf6, 0xd7, 0xd5, 0x18, 0xce,
    0x55, 0xbd, 0x55, 0xb5, 0x71, 0xb4, 0x55, 0xb5, 0xce, 0xa3, 0x2f, 0xb4, 0x0f, 0xb4, 0xcf, 0xb3,
    0x30, 0x9c, 0xce, 0xab, 0x71, 0xb4, 0x17, 0xce, 0x0f, 0xac, 0x10, 0xac, 0xb5, 0xd5, 0xf8, 0xac,
    0x18, 0x5c, 0x38, 0x64, 0x38, 0x64, 0x38, 0x64, 0x38, 0x64, 0x18, 0x5c, 0x2d, 0x63, 0xac, 0xbc,
    0xcf, 0xb4, 0x0a, 0x3a, 0xfb, 0xde, 0xff, 0xff, 0xdf, 0xff, 0xdf, 0xff, 0xdf, 0xff, 0xdf, 0xff,
    0xdf, 0xff, 0xff, 0xff, 0xff, 0xff, 0xff, 0xff, 0xdf, 0xff, 0xdf, 0xff, 0xdf, 0xff, 0xdf, 0xff,
    0xff, 0xff, 0x3c, 0xef, 0x0f, 0x4b, 0x39, 0x64, 0x18, 0x64, 0x59, 0x64, 0x73, 0x53, 0x91, 0x63,
    0x71, 0x5b, 0xb5, 0x53, 0x38, 0x64, 0x79, 0x64, 0xf1, 0x42, 0xb6, 0xb5, 0xff, 0xff, 0x30, 0x8c,
    0x58, 0xce, 0x83, 0x08, 0x83, 0x08, 0x83, 0x08, 0x83, 0x08, 0x83, 0x08, 0x83, 0x08, 0x83, 0x08,
    0x83, 0x08, 0x83, 0x08, 0x83, 0x08, 0x83, 0x08, 0x83, 0x08, 0x83, 0x08, 0x83, 0x08, 0x83, 0x08,
    0x83, 0x08, 0x83, 0x08, 0x83, 0x08, 0x83, 0x08, 0x83, 0x08, 0x83, 0x08, 0x83, 0x08, 0x83, 0x08,
    0x83, 0x08, 0x83, 0x08, 0x83, 0x08, 0x83, 0x08, 0x83, 0x08, 0x83, 0x08, 0x83, 0x08, 0x83, 0x08,
    0x83, 0x08, 0x83, 0x08, 0x83, 0x08, 0x83, 0x08, 0x83, 0x08, 0x83, 0x08, 0x83, 0x08, 0x83, 0x08,
    0x83, 0x08, 0x83, 0x08, 0x83, 0x08, 0x83, 0x08, 0x83, 0x08, 0x83, 0x08, 0x83, 0x08, 0x83, 0x08,
    0x83, 0x08, 0x83, 0x08, 0x83, 0x08, 0x83, 0x08, 0x83, 0x08, 0x83, 0x08, 0x79, 0xee, 0x38, 0xee,
    0xdb, 0xfe, 0xd7, 0xc5, 0x51, 0xa4, 0xda, 0xde, 0x31, 0xac, 0xd7, 0xbd, 0xf3, 0xc4, 0xcf, 0xb3,
    0xce, 0xb3, 0x6d, 0x93, 0xae, 0xb3, 0xab, 0x8a, 0x18, 0xd6, 0x96, 0xc5, 0x50, 0xa4, 0x71, 0xbc,
    0xb2, 0xa4, 0xef, 0xbb, 0x96, 0xcd, 0xba, 0xde, 0x30, 0xa4, 0x71, 0xac, 0x17, 0xe6, 0x57, 0x8c,
    0x18, 0x5c, 0x38, 0x64, 0x38, 0x64, 0x38, 0x64, 0x38, 0x64, 0x59, 0x64, 0x71, 0x53, 0xeb, 0x9b,
    0x70, 0xd5, 0x68, 0x52, 0x55, 0xad, 0xff, 0xff, 0xbe, 0xff, 0xdf, 0xff, 0xdf, 0xff, 0xdf, 0xff,
    0xdf, 0xff, 0xdf, 0xff, 0xdf, 0xff, 0xdf, 0xff, 0xdf, 0xff, 0xdf, 0xff, 0xdf, 0xff, 0xbe, 0xff,
    0xff, 0xff, 0x17, 0xc6, 0xf0, 0x42, 0x79, 0x6c, 0x58, 0x64, 0xb4, 0x5b, 0x6d, 0x6b, 0x4f, 0x8c,
    0x78, 0xd6, 0x12, 0x74, 0xd6, 0x53, 0x79, 0x64, 0x53, 0x4b, 0xd3, 0x94, 0x96, 0xb5, 0x71, 0x8c,
    0x83, 0x08, 0x83, 0x08, 0x83, 0x08, 0x83, 0x08, 0x83, 0x08, 0x83, 0x08, 0x83, 0x08, 0x83, 0x08,
    0x83, 0x08, 0x83, 0x08, 0x83, 0x08, 0x83, 0x08, 0x83, 0x08, 0x83, 0x08, 0x83, 0x08, 0x83, 0x08,
    0x83, 0x08, 0x83, 0x08, 0x83, 0x08, 0x83, 0x08, 0x83, 0x08, 0x83, 0x08, 0x83, 0x08, 0x83, 0x08,
    0x83, 0x08, 0x83, 0x08, 0x83, 0x08, 0x83, 0x08, 0x83, 0x08, 0x83, 0x08, 0x83, 0x08, 0x83, 0x08,
    0x83, 0x08, 0x83, 0x08, 0x83, 0x08, 0x83, 0x08, 0x83, 0x08, 0x83, 0x08, 0x83, 0x08, 0x83, 0x08,
    0x83, 0x08, 0x83, 0x08, 0x83, 0x08, 0x83, 0x08, 0x83, 0x08, 0x83, 0x08, 0x83, 0x08, 0x83, 0x08,
    0x83, 0x08, 0x83, 0x08, 0x83, 0x08, 0x83, 0x08, 0x83, 0x08, 0x1c, 0xff, 0xd7, 0xd5, 0xb2, 0xac,
    0x95, 0xbd, 0xcf, 0xab, 0xef, 0xa3, 0xef, 0xb3, 0x10, 0xac, 0xfb, 0xe6, 0xf3, 0xcc, 0x10, 0xbc,
    0xce, 0x93, 0x4c, 0x9b, 0x8e, 0xab, 0x8d, 0x9b, 0x71, 0xac, 0x71, 0xac, 0x92, 0xac, 0x10, 0xb4,
    0x10, 0x94, 0x4d, 0x8b, 0x10, 0xa4, 0xb2, 0xa4, 0x8e, 0x83, 0x92, 0xa4, 0x19, 0xde, 0x16, 0x64,
    0x38, 0x64, 0x38, 0x64, 0x59, 0x64, 0x59, 0x64, 0x38, 0x64, 0x38, 0x64, 0xd6, 0x53, 0x6b, 0x7b,
    0x0e, 0xcd, 0xec, 0x93, 0xaa, 0x52, 0xff, 0xff, 0xdf, 0xff, 0xdf, 0xff, 0xdf, 0xff, 0xdf, 0xff,
    0xdf, 0xff, 0xdf, 0xff, 0xdf, 0xff, 0xdf, 0xff, 0xdf, 0xff, 0xdf, 0xff, 0xdf, 0xff, 0xbe, 0xff,
    0xff, 0xff, 0x6f, 0x6b, 0xb6, 0x53, 0x58, 0x64, 0x39, 0x5c, 0xcf, 0x42, 0x91, 0x94, 0x92, 0x8c,
    0x92, 0x94, 0x91, 0x94, 0x73, 0x53, 0x9a, 0x6c, 0x18, 0x64, 0x4a, 0x42, 0x14, 0xa5, 0x83, 0x08,
    0x83, 0x08, 0x83, 0x08, 0x83, 0x08, 0x83, 0x08, 0x83, 0x08, 0x83, 0x08, 0x83, 0x08, 0x83, 0x08,
    0x83, 0x08, 0x83, 0x08, 0x83, 0x08, 0x83, 0x08, 0x83, 0x08, 0x83, 0x08, 0x83, 0x08, 0x83, 0x08,
    0x83, 0x08, 0x83, 0x08, 0x83, 0x08, 0x83, 0x08, 0x83, 0x08, 0x83, 0x08, 0x83, 0x08, 0x83, 0x08,
    0x83, 0x08, 0x83, 0x08, 0x83, 0x08, 0x83, 0x08, 0x83, 0x08, 0x83, 0x08, 0x83, 0x08, 0x83, 0x08,
    0x83, 0x08, 0x83, 0x08, 0x83, 0x08, 0x83, 0x08, 0x83, 0x08, 0x83, 0x08, 0x83, 0x08, 0x83, 0x08,
    0x83, 0x08, 0x83, 0x08, 0x83, 0x08, 0x83, 0x08, 0x83, 0x08, 0x83, 0x08, 0x83, 0x08, 0x83, 0x08,
    0x83, 0x08, 0x83, 0x08, 0x83, 0x08, 0x83, 0x08, 0x83, 0x08, 0xfb, 0xfe, 0x96, 0xcd, 0x51, 0xd4,
    0xcf, 0xbb, 0x30, 0xc4, 0x79, 0xce, 0x71, 0xc4, 0x54, 0xc5, 0xdb, 0xf6, 0xb2, 0xbc, 0x34, 0xbd,
    0x35, 0xc5, 0xaf, 0xc3, 0xd2, 0xac, 0x0c, 0x8b, 0xd2, 0xac, 0xf3, 0xac, 0xf7, 0xc5, 0x55, 0xc5,
    0x34, 0xbd, 0x75, 0xbd, 0x58, 0xde, 0xf7, 0xd5, 0xf3, 0xac, 0x75, 0xc5, 0x98, 0xc5, 0xf7, 0x53,
    0x59, 0x6c, 0xf7, 0x5b, 0x73, 0x53, 0x95, 0x5b, 0x18, 0x64, 0x38, 0x64, 0x39, 0x64, 0x4f, 0x5b,
    0x4b, 0xac, 0x50, 0xd5, 0x09, 0x42, 0xd4, 0x9c, 0xff, 0xff, 0xbe, 0xff, 0xde, 0xff, 0xdf, 0xff,
    0xdf, 0xff, 0xdf, 0xff, 0xdf, 0xff, 0xdf, 0xff, 0xdf, 0xff, 0xde, 0xff, 0xbe, 0xff, 0xff, 0xff,
    0x34, 0xad, 0x8f, 0x3a, 0x79, 0x64, 0x37, 0x6c, 0xd7, 0x9c, 0x93, 0xb4, 0x95, 0xe5, 0x17, 0xee,
    0x92, 0xbc, 0x8e, 0x7b, 0xb5, 0x53, 0x52, 0x53, 0x74, 0x4b, 0x6f, 0x63, 0x83, 0x08, 0x83, 0x08,
    0x83, 0x08, 0x83, 0x08, 0x83, 0x08, 0x83, 0x08, 0x83, 0x08, 0x83, 0x08, 0x83, 0x08, 0x83, 0x08,
    0x83, 0x08, 0x83, 0x08, 0x83, 0x08, 0x83, 0x08, 0x83, 0x08, 0x83, 0x08, 0x83, 0x08, 0x83, 0x08,
    0x83, 0x08, 0x83, 0x08, 0x83, 0x08, 0x83, 0x08, 0x83, 0x08, 0x83, 0x08, 0x83, 0x08, 0x83, 0x08,
    0x83, 0x08, 0x83, 0x08, 0x83, 0x08, 0x83, 0x08, 0x83, 0x08, 0x83, 0x08, 0x83, 0x08, 0x83, 0x08,
    0x83, 0x08, 0x83, 0x08, 0x83, 0x08, 0x83, 0x08, 0x83, 0x08, 0x83, 0x08, 0x83, 0x08, 0x83, 0x08,
    0x83, 0x08, 0x83, 0x08, 0x83, 0x08, 0x83, 0x08, 0x83, 0x08, 0x83, 0x08, 0x83, 0x08, 0x83, 0x08,
    0x83, 0x08, 0x83, 0x08, 0x83, 0x08, 0x83, 0x08, 0x83, 0x08, 0xfb, 0xfe, 0x96, 0xcd, 0xae, 0xab,
    0xcf, 0xab, 0x6d, 0x93, 0xfb, 0xe6, 0x14, 0xbd, 0x34, 0xc5, 0x9a, 0xf6, 0x92, 0xb4, 0x34, 0xbd,
    0xd6, 0xc5, 0x10, 0xa4, 0xba, 0xd6, 0x34, 0xb5, 0x59, 0xe6, 0x79, 0xee, 0x59, 0xf6, 0xba, 0xf6,
    0xfb, 0xfe, 0xba, 0xfe, 0x1b, 0xff, 0x79, 0xee, 0xf8, 0xed, 0x37, 0xfe, 0xf5, 0xbc, 0x58, 0x64,
    0xb6, 0x5b, 0x70, 0x63, 0x34, 0xa5, 0xef, 0x83, 0x51, 0x53, 0x38, 0x64, 0x59, 0x64, 0xb4, 0x5b,
    0x8a, 0x8b, 0x2f, 0xd5, 0x0f, 0x94, 0xeb, 0x29, 0x14, 0xa5, 0xff, 0xff, 0xff, 0xff, 0xdf, 0xff,
    0xbe, 0xff, 0xbe, 0xff, 0xde, 0xff, 0xbe, 0xff, 0xbe, 0xff, 0xff, 0xff, 0xff, 0xff, 0x75, 0xad,
    0x2c, 0x32, 0x38, 0x64, 0x38, 0x5c, 0x57, 0xcd, 0x16, 0xfe, 0x17, 0xfe, 0xd6, 0xfd, 0xb5, 0xfd,
    0x38, 0xfe, 0xd3, 0xc4, 0x4c, 0x42, 0xac, 0x5a, 0x2a, 0x42, 0x8b, 0x4a, 0xdb, 0xde, 0xb6, 0xb5,
    0xf7, 0xbd, 0xfb, 0xde, 0x83, 0x08, 0x83, 0x08, 0x83, 0x08, 0x83, 0x08, 0x83, 0x08, 0x83, 0x08,
    0x83, 0x08, 0x83, 0x08, 0x83, 0x08, 0x83, 0x08, 0x83, 0x08, 0x83, 0x08, 0x83, 0x08, 0x83, 0x08,
    0x83, 0x08, 0x83, 0x08, 0x83, 0x08, 0x83, 0x08, 0x83, 0x08, 0x83, 0x08, 0x83, 0x08, 0x83, 0x08,
    0x83, 0x08, 0x83, 0x08, 0x83, 0x08, 0x83, 0x08, 0x83, 0x08, 0x83, 0x08, 0x83, 0x08, 0x83, 0x08,
    0x83, 0x08, 0x83, 0x08, 0x83, 0x08, 0x83, 0x08, 0x83, 0x08, 0x83, 0x08, 0x83, 0x08, 0x83, 0x08,
    0x83, 0x08, 0x83, 0x08, 0x83, 0x08, 0x83, 0x08, 0x83, 0x08, 0x83, 0x08, 0x83, 0x08, 0x83, 0x08,
    0x83, 0x08, 0x83, 0x08, 0x83, 0x08, 0x83, 0x08, 0x83, 0x08, 0xfb, 0xfe, 0x75, 0xcd, 0x51, 0xb4,
    0xfb, 0xd6, 0xcf, 0xa3, 0xba, 0xde, 0x34, 0xbd, 0x14, 0xbd, 0x38, 0xfe, 0xd7, 0xd5, 0xf7, 0xcd,
    0x79, 0xee, 0x38, 0xe6, 0x59, 0xf6, 0xbb, 0xfe, 0x1c, 0xff, 0x83, 0x08, 0x83, 0x08, 0x83, 0x08,
    0x83, 0x08, 0xfb, 0xf6, 0x38, 0xe6, 0x14, 0xc5, 0x92, 0xb4, 0x50, 0xa4, 0x54, 0xcd, 0x58, 0x74,
    0x51, 0x53, 0x74, 0xb5, 0xb2, 0x94, 0x51, 0x8c, 0x71, 0x94, 0xb4, 0x5b, 0x59, 0x64, 0x18, 0x54,
    0x4c, 0x6b, 0xad, 0xbc, 0xcf, 0xbc, 0x51, 0x4b, 0x6f, 0x2a, 0x8f, 0x73, 0xba, 0xde, 0xff, 0xff,
    0xff, 0xff, 0xff, 0xff, 0xff, 0xff, 0xff, 0xff, 0xff, 0xff, 0x1b, 0xe7, 0xf0, 0x7b, 0x2c, 0x2a,
    0xd7, 0x53, 0x38, 0x64, 0x38, 0x64, 0x56, 0x7c, 0x53, 0xa4, 0xb4, 0xbc, 0x15, 0xc5, 0x16, 0xbd,
    0x8f, 0x83, 0x4a, 0x52, 0xed, 0x6a, 0x2f, 0x73, 0x2f, 0x73, 0xc8, 0x39, 0xaa, 0x52, 0xb6, 0xb5,
    0xcf, 0x7b, 0x4d, 0x6b, 0xb6, 0xb5, 0x83, 0x08, 0x83, 0x08, 0x83, 0x08, 0x83, 0x08, 0x83, 0x08,
    0x83, 0x08, 0x83, 0x08, 0x83, 0x08, 0x83, 0x08, 0x83, 0x08, 0x83, 0x08, 0x83, 0x08, 0x83, 0x08,
    0x83, 0x08, 0x83, 0x08, 0x83, 0x08, 0x83, 0x08, 0x83, 0x08, 0x83, 0x08, 0x83, 0x08, 0x83, 0x08,
    0x83, 0x08, 0x83, 0x08, 0x83, 0x08, 0x83, 0x08, 0x83, 0x08, 0x83, 0x08, 0x83, 0x08, 0x83, 0x08,
    0x83, 0x08, 0x83, 0x08, 0x83, 0x08, 0x83, 0x08, 0x83, 0x08, 0x83, 0x08, 0x83, 0x08, 0x83, 0x08,
    0x83, 0x08, 0x83, 0x08, 0x83, 0x08, 0x83, 0x08, 0x83, 0x08, 0x83, 0x08, 0x83, 0x08, 0x83, 0x08,
    0x83, 0x08, 0x83, 0x08, 0x83, 0x08, 0x83, 0x08, 0x83, 0x08, 0xfb, 0xfe, 0x55, 0xc5, 0xd3, 0xb4,
    0x1c, 0xff, 0x34, 0xb5, 0x58, 0xe6, 0x38, 0xe6, 0x17, 0xde, 0xdb, 0xfe, 0xfb, 0xf6, 0x99, 0xfe,
    0x83, 0x08, 0x83, 0x08, 0x83, 0x08, 0x83, 0x08, 0x83, 0x08, 0x83, 0x08, 0xfb, 0xf6, 0xf7, 0xe5,
    0xd3, 0xc4, 0x51, 0xac, 0x2f, 0xa4, 0xb2, 0xbc, 0x14, 0xc5, 0x57, 0xc5, 0x97, 0x94, 0x39, 0x64,
    0x70, 0x5b, 0x91, 0x9c, 0xd3, 0xbc, 0x55, 0xdd, 0xb6, 0xf5, 0x75, 0xe5, 0x96, 0xdd, 0x18, 0xad,
    0x52, 0x53, 0xea, 0x9b, 0x4f, 0xd5, 0xae, 0x73, 0xf7, 0x53, 0xd1, 0x32, 0x4c, 0x3a, 0x8f, 0x6b,
    0x34, 0xa5, 0x18, 0xc6, 0x38, 0xc6, 0x96, 0xb5, 0x10, 0x7c, 0x4b, 0x3a, 0x0c, 0x2a, 0xb5, 0x53,
    0x38, 0x64, 0x38, 0x64, 0x18, 0x64, 0x4c, 0x3a, 0x6c, 0x4a, 0x6c, 0x4a, 0x4c, 0x4a, 0x4c, 0x42,
    0x8c, 0x52, 0x2f, 0x73, 0x0f, 0x6b, 0xee, 0x6a, 0x2f, 0x73, 0x6c, 0x52, 0xf0, 0x7b, 0xdf, 0xff,
    0x55, 0xad, 0x3d, 0xef, 0xef, 0x7b, 0x83, 0x08, 0x83, 0x08, 0x83, 0x08, 0x83, 0x08, 0x83, 0x08,
    0x83, 0x08, 0x83, 0x08, 0x83, 0x08, 0x83, 0x08, 0x83, 0x08, 0x83, 0x08, 0x83, 0x08, 0x83, 0x08,
    0x83, 0x08, 0x83, 0x08, 0x83, 0x08, 0x83, 0x08, 0x83, 0x08, 0x83, 0x08, 0x83, 0x08, 0x83, 0x08,
    0x83, 0x08, 0x83, 0x08, 0x83, 0x08, 0x83, 0x08, 0x83, 0x08, 0x83, 0x08, 0x83, 0x08, 0x83, 0x08,
    0x83, 0x08, 0x83, 0x08, 0x83, 0x08, 0x83, 0x08, 0x83, 0x08, 0x83, 0x08, 0x83, 0x08, 0x83, 0x08,
    0x83, 0x08, 0x83, 0x08, 0x83, 0x08, 0x83, 0x08, 0x83, 0x08, 0x83, 0x08, 0x83, 0x08, 0x83, 0x08,
    0x83, 0x08, 0x83, 0x08, 0x83, 0x08, 0x83, 0x08, 0x83, 0x08, 0x1c, 0xff, 0xf8, 0xe5, 0x38, 0xde,
    0x18, 0xf6, 0x9a, 0xfe, 0xba, 0xf6, 0xfb, 0xfe, 0x1c, 0xff, 0x83, 0x08, 0x83, 0x08, 0x83, 0x08,
    0x83, 0x08, 0x83, 0x08, 0x83, 0x08, 0xdb, 0xf6, 0xf7, 0xdd, 0xf3, 0xc4, 0x51, 0xb4, 0x30, 0xac,
    0xd2, 0xc4, 0xd6, 0xdd, 0x79, 0xf6, 0xb4, 0xa4, 0x77, 0x7c, 0x11, 0x4b, 0x8d, 0x42, 0x31, 0x53,
    0xf1, 0x42, 0x92, 0xbc, 0x58, 0xfe, 0xf8, 0xfd, 0xf7, 0xfd, 0x17, 0xfe, 0xd5, 0xfd, 0x37, 0xbd,
    0xd7, 0x53, 0x4b, 0x7b, 0x0e, 0xcd, 0x4e, 0xac, 0x94, 0x53, 0x59, 0x64, 0xb6, 0x4b, 0x90, 0x32,
    0xec, 0x21, 0xeb, 0x29, 0x0c, 0x2a, 0xec, 0x29, 0x2e, 0x2a, 0x12, 0x43, 0xf7, 0x5b, 0x59, 0x64,
    0xf7, 0x5b, 0xf8, 0x5b, 0xcf, 0x42, 0xcd, 0x62, 0x0f, 0x6b, 0xee, 0x6a, 0x2f, 0x7b, 0xee, 0x6a,
    0xac, 0x5a, 0xc8, 0x39, 0xa8, 0x39, 0x0e, 0x6b, 0xee, 0x6a, 0x0f, 0x6b, 0xcd, 0x62, 0x92, 0x94,
    0x39, 0xce, 0x75, 0xad, 0xaf, 0x73, 0x83, 0x08, 0x83, 0x08, 0x83, 0x08, 0x83, 0x08, 0x83, 0x08,
    0x83, 0x08, 0x83, 0x08, 0x83, 0x08, 0x83, 0x08, 0x83, 0x08, 0x83, 0x08, 0x83, 0x08, 0x83, 0x08,
    0x83, 0x08, 0x83, 0x08, 0x83, 0x08, 0x83, 0x08, 0x83, 0x08, 0x83, 0x08, 0x83, 0x08, 0x83, 0x08,
    0x83, 0x08, 0x83, 0x08, 0x83, 0x08, 0x83, 0x08, 0x83, 0x08, 0x83, 0x08, 0x83, 0x08, 0x83, 0x08,
    0x83, 0x08, 0x83, 0x08, 0x83, 0x08, 0x83, 0x08, 0x83, 0x08, 0x83, 0x08, 0x83, 0x08, 0x83, 0x08,
    0x83, 0x08, 0x83, 0x08, 0x83, 0x08, 0x83, 0x08, 0x83, 0x08, 0x83, 0x08, 0x83, 0x08, 0x83, 0x08,
    0x83, 0x08, 0x83, 0x08, 0x83, 0x08, 0x83, 0x08, 0x83, 0x08, 0x83, 0x08, 0x1c, 0xff, 0xfb, 0xfe,
    0x83, 0x08, 0x83, 0x08, 0x83, 0x08, 0x83, 0x08, 0x83, 0x08, 0x83, 0x08, 0x83, 0x08, 0x83, 0x08,
    0xba, 0xf6, 0xb6, 0xd5, 0xd3, 0xc4, 0x71, 0xac, 0x30, 0xac, 0x91, 0xbc, 0x75, 0xd5, 0x38, 0xe6,
    0x75, 0xc5, 0x54, 0xb5, 0x33, 0xa5, 0x0f, 0x4b, 0x8f, 0x42, 0x8b, 0x5a, 0x0e, 0x6b, 0xad, 0x62,
    0x6c, 0x52, 0x29, 0x42, 0x6d, 0x83, 0xaf, 0x9b, 0xae, 0x93, 0xd0, 0x83, 0x57, 0x74, 0x18, 0x5c,
    0x39, 0x5c, 0x2f, 0x5b, 0x6c, 0xb4, 0x2f, 0xcd, 0x4f, 0x63, 0x5a, 0x64, 0x79, 0x6c, 0x59, 0x64,
    0x17, 0x5c, 0xb6, 0x53, 0x95, 0x4b, 0x95, 0x4b, 0x94, 0x4b, 0x73, 0x53, 0x31, 0x4b, 0xef, 0x4a,
    0xf2, 0x73, 0xf0, 0x7b, 0x8b, 0x5a, 0xee, 0x6a, 0x46, 0x29, 0x46, 0x29, 0xc9, 0x39, 0x67, 0x29,
    0x05, 0x21, 0x25, 0x21, 0x26, 0x21, 0xad, 0x5a, 0x0e, 0x6b, 0x0e, 0x6b, 0xad, 0x62, 0x2d, 0x6b,
    0xfb, 0xde, 0x51, 0x8c, 0x51, 0x8c, 0x10, 0x84, 0x1c, 0xe7, 0x83, 0x08, 0x83, 0x08, 0x83, 0x08,
    0x83, 0x08, 0x83, 0x08, 0x83, 0x08, 0x83, 0x08, 0x83, 0x08, 0x83, 0x08, 0x83, 0x08, 0x83, 0x08,
    0x83, 0x08, 0x83, 0x08, 0x83, 0x08, 0x83, 0x08, 0x83, 0x08, 0x83, 0x08, 0x83, 0x08, 0x83, 0x08,
    0x83, 0x08, 0x83, 0x08, 0x83, 0x08, 0x83, 0x08, 0x83, 0x08, 0x83, 0x08, 0x83, 0x08, 0x83, 0x08,
    0x83, 0x08, 0x83, 0x08, 0x83, 0x08, 0x83, 0x08, 0x83, 0x08, 0x83, 0x08, 0x83, 0x08, 0x83, 0x08,
    0x83, 0x08, 0x83, 0x08, 0x83, 0x08, 0x83, 0x08, 0x83, 0x08, 0x83, 0x08, 0x83, 0x08, 0x83, 0x08,
    0x83, 0x08, 0x83, 0x08, 0x83, 0x08, 0x83, 0x08, 0x83, 0x08, 0x83, 0x08, 0x83, 0x08, 0x83, 0x08,
    0x83, 0x08, 0x83, 0x08, 0x83, 0x08, 0x83, 0x08, 0x83, 0x08, 0xdb, 0xf6, 0xb6, 0xdd, 0xd3, 0xbc,
    0x51, 0xac, 0x51, 0xac, 0xd3, 0xc4, 0x75, 0xd5, 0x79, 0xee, 0x3c, 0xff, 0x83, 0x08, 0x8d, 0x73,
    0x10, 0x84, 0x38, 0xc6, 0xb6, 0xbd, 0xc7, 0x31, 0x8c, 0x5a, 0x50, 0x73, 0x2a, 0x42, 0xe9, 0x41,
    0x2f, 0x73, 0x0e, 0x6b, 0x8d, 0x5a, 0xad, 0x5a, 0xad, 0x5a, 0x8c, 0x5a, 0xcf, 0x4a, 0x59, 0x64,
    0x7a, 0x64, 0xb5, 0x53, 0x8b, 0x8b, 0x4f, 0xd5, 0xee, 0x93, 0x53, 0x4b, 0x73, 0x53, 0x31, 0x53,
    0x10, 0x4b, 0x0f, 0x4b, 0xee, 0x52, 0x0d, 0x5b, 0x4d, 0x63, 0x8d, 0x6b, 0x0f, 0x84, 0xd2, 0x9c,
    0x0f, 0x84, 0x08, 0x42, 0x0a, 0x4a, 0x4a, 0x52, 0x05, 0x21, 0x05, 0x19, 0xa4, 0x10, 0xe5, 0x18,
    0x46, 0x29, 0x46, 0x21, 0x05, 0x19, 0x4b, 0x52, 0x2f, 0x73, 0xee, 0x6a, 0x2f, 0x73, 0x4b, 0x52,
    0xf7, 0xbd, 0xff, 0xff, 0xff, 0xff, 0xd7, 0xbd, 0xb7, 0xbd, 0x83, 0x08, 0x83, 0x08, 0x83, 0x08,
    0x83, 0x08, 0x83, 0x08, 0x83, 0x08, 0x83, 0x08, 0x83, 0x08, 0x83, 0x08, 0x83, 0x08, 0x83, 0x08,
    0x83, 0x08, 0x83, 0x08, 0x83, 0x08, 0x83, 0x08, 0x83, 0x08, 0x83, 0x08, 0x83, 0x08, 0x83, 0x08,
    0x83, 0x08, 0x83, 0x08, 0x83, 0x08, 0x83, 0x08, 0x83, 0x08, 0x83, 0x08, 0x83, 0x08, 0x83, 0x08,
    0x83, 0x08, 0x83, 0x08, 0x83, 0x08, 0x83, 0x08, 0x83, 0x08, 0x83, 0x08, 0x83, 0x08, 0x83, 0x08,
    0x83, 0x08, 0x83, 0x08, 0x83, 0x08, 0x83, 0x08, 0x83, 0x08, 0x83, 0x08, 0x83, 0x08, 0x83, 0x08,
    0x83, 0x08, 0x83, 0x08, 0x83, 0x08, 0x83, 0x08, 0x83, 0x08, 0x83, 0x08, 0x83, 0x08, 0x83, 0x08,
    0x83, 0x08, 0x83, 0x08, 0x83, 0x08, 0x83, 0x08, 0x83, 0x08, 0xf3, 0xc4, 0x51, 0x9c, 0x14, 0xc5,
    0xf7, 0xdd, 0xba, 0xf6, 0x83, 0x08, 0x83, 0x08, 0x83, 0x08, 0x83, 0x08, 0x83, 0x08, 0x10, 0x84,
    0x14, 0xa5, 0xbe, 0xf7, 0xde, 0xff, 0x8b, 0x5a, 0x2f, 0x73, 0x8c, 0x52, 0x05, 0x21, 0x25, 0x21,
    0xa8, 0x31, 0x87, 0x31, 0x4b, 0x4a, 0x70, 0x73, 0x50, 0x73, 0xad, 0x5a, 0x66, 0x31, 0xaf, 0x42,
    0xf5, 0x63, 0x52, 0x53, 0xca, 0x62, 0xed, 0xc4, 0xce, 0xbc, 0x2c, 0x6b, 0x71, 0x8c, 0x71, 0x8c,
    0xd2, 0x9c, 0x54, 0xad, 0xb6, 0xbd, 0xf7, 0xc5, 0x17, 0xc6, 0x17, 0xc6, 0x17, 0xc6, 0x51, 0x8c,
    0x46, 0x29, 0x26, 0x29, 0xd7, 0xbd, 0x5d, 0xef, 0x4d, 0x6b, 0xcb, 0x5a, 0x96, 0xb5, 0xc7, 0x39,
    0x25, 0x21, 0x46, 0x21, 0x05, 0x21, 0x09, 0x42, 0xad, 0x62, 0xee, 0x6a, 0x0e, 0x6b, 0xcd, 0x62,
    0x6e, 0x73, 0x17, 0xc6, 0xbe, 0xf7, 0x59, 0xce, 0x49, 0x4a, 0xba, 0xd6, 0x83, 0x08, 0x83, 0x08,
    0x83, 0x08, 0x83, 0x08, 0x83, 0x08, 0x83, 0x08, 0x83, 0x08, 0x83, 0x08, 0x83, 0x08, 0x83, 0x08,
    0x83, 0x08, 0x83, 0x08, 0x83, 0x08, 0x83, 0x08, 0x83, 0x08, 0x83, 0x08, 0x83, 0x08, 0x83, 0x08,
    0x83, 0x08, 0x83, 0x08, 0x83, 0x08, 0x83, 0x08, 0x83, 0x08, 0x83, 0x08, 0x83, 0x08, 0x83, 0x08,
    0x83, 0x08, 0x83, 0x08, 0x83, 0x08, 0x83, 0x08, 0x83, 0x08, 0x83, 0x08, 0x83, 0x08, 0x83, 0x08,
    0x83, 0x08, 0x83, 0x08, 0x83, 0x08, 0x83, 0x08, 0x83, 0x08, 0x83, 0x08, 0x83, 0x08, 0x83, 0x08,
    0x83, 0x08, 0x83, 0x08, 0x83, 0x08, 0x83, 0x08, 0x83, 0x08, 0x83, 0x08, 0x83, 0x08, 0x83, 0x08,
    0x83, 0x08, 0x83, 0x08, 0x83, 0x08, 0x83, 0x08, 0x83, 0x08, 0xfb, 0xf6, 0x83, 0x08, 0x83, 0x08,
    0x83, 0x08, 0x83, 0x08, 0x83, 0x08, 0x83, 0x08, 0x83, 0x08, 0x83, 0x08, 0x83, 0x08, 0x72, 0x94,
    0x92, 0x94, 0xdb, 0xde, 0x31, 0x8c, 0x8c, 0x5a, 0x4f, 0x73, 0xa8, 0x39, 0x05, 0x21, 0xe5, 0x18,
    0xc4, 0x10, 0x05, 0x19, 0x87, 0x29, 0x4a, 0x4a, 0xac, 0x62, 0xa7, 0x31, 0x25, 0x21, 0x66, 0x31,
    0x49, 0x4a, 0xb1, 0x94, 0x70, 0x94, 0xeb, 0x9b, 0x4f, 0xcd, 0x2e, 0x94, 0xf7, 0xc5, 0x17, 0xc6,
    0xb6, 0xbd, 0x14, 0xa5, 0x92, 0x94, 0x32, 0x84, 0xf1, 0x73, 0x50, 0x63, 0xef, 0x4a, 0x29, 0x3a,
    0x4a, 0x4a, 0x2d, 0x63, 0x9e, 0xf7, 0xff, 0xff, 0xdb, 0xde, 0xf7, 0xbd, 0xff, 0xff, 0xaa, 0x52,
    0x82, 0x08, 0x05, 0x21, 0x26, 0x21, 0x25, 0x21, 0x25, 0x21, 0xad, 0x5a, 0x2f, 0x73, 0x8c, 0x5a,
    0x31, 0x8c, 0x9e, 0xf7, 0x3c, 0xe7, 0x71, 0x94, 0x09, 0x42, 0x2a, 0x4a, 0x75, 0xad, 0x83, 0x08,
    0x83, 0x08, 0x83, 0x08, 0x83, 0x08, 0x83, 0x08, 0x83, 0x08, 0x83, 0x08, 0x83, 0x08, 0x83, 0x08,
    0x83, 0x08, 0x83, 0x08, 0x83, 0x08, 0x83, 0x08, 0x83, 0x08, 0x83, 0x08, 0x83, 0x08, 0x83, 0x08,
    0x83, 0x08, 0x83, 0x08, 0x83, 0x08, 0x83, 0x08, 0x83, 0x08, 0x83, 0x08, 0x83, 0x08, 0x83, 0x08,
    0x83, 0x08, 0x83, 0x08, 0x83, 0x08, 0x83, 0x08, 0x83, 0x08, 0x83, 0x08, 0x83, 0x08, 0x83, 0x08,
    0x83, 0x08, 0x83, 0x08, 0x83, 0x08, 0x83, 0x08, 0x83, 0x08, 0x83, 0x08, 0x83, 0x08, 0x83, 0x08,
    0x83, 0x08, 0x83, 0x08, 0x83, 0x08, 0x83, 0x08, 0x83, 0x08, 0x83, 0x08, 0x83, 0x08, 0x83, 0x08,
    0x83, 0x08, 0x83, 0x08, 0x83, 0x08, 0x83, 0x08, 0x83, 0x08, 0x83, 0x08, 0x83, 0x08, 0x83, 0x08,
    0x83, 0x08, 0x83, 0x08, 0x83, 0x08, 0x83, 0x08, 0x18, 0xc6, 0xcf, 0x7b, 0x49, 0x4a, 0x2c, 0x63,
    0x0f, 0x84, 0xb6, 0xb5, 0x8b, 0x52, 0x2f, 0x73, 0xee, 0x6a, 0x47, 0x29, 0xe5, 0x18, 0x8b, 0x52,
    0x18, 0xc6, 0xf0, 0x83, 0x00, 0x00, 0x10, 0x84, 0x3c, 0xe7, 0x7d, 0xef, 0x0c, 0x63, 0xa4, 0x18,
    0x8b, 0x52, 0x2e, 0x63, 0xf6, 0x8c, 0x2a, 0x73, 0x2f, 0xcd, 0x4e, 0xa4, 0xee, 0x4a, 0xae, 0x4a,
    0x29, 0x42, 0xaa, 0x52, 0xec, 0x5a, 0xed, 0x52, 0x10, 0x4b, 0x39, 0x64, 0x54, 0x43, 0xb6, 0xb5,
    0xff, 0xff, 0xbd, 0xf7, 0x79, 0xd6, 0xda, 0xde, 0x95, 0xb5, 0xbe, 0xf7, 0x3c, 0xe7, 0xf7, 0xbd,
    0x14, 0xa5, 0x30, 0x84, 0xc4, 0x18, 0x46, 0x21, 0x25, 0x21, 0x6c, 0x52, 0x2f, 0x73, 0x4b, 0x52,
    0x79, 0xce, 0x75, 0xad, 0xe4, 0x18, 0xc8, 0x39, 0x2f, 0x6b, 0x0f, 0x6b, 0xe9, 0x41, 0x35, 0xa5,
    0x83, 0x08, 0x83, 0x08, 0x83, 0x08, 0x83, 0x08, 0x83, 0x08, 0x83, 0x08, 0x83, 0x08, 0x83, 0x08,
    0x83, 0x08, 0x83, 0x08, 0x83, 0x08, 0x83, 0x08, 0x83, 0x08, 0x83, 0x08, 0x83, 0x08, 0x83, 0x08,
    0x83, 0x08, 0x83, 0x08, 0x83, 0x08, 0x83, 0x08, 0x83, 0x08, 0x83, 0x08, 0x83, 0x08, 0x83, 0x08,
    0x83, 0x08, 0x83, 0x08, 0x83, 0x08, 0x83, 0x08, 0x83, 0x08, 0x83, 0x08, 0x83, 0x08, 0x83, 0x08,
    0x83, 0x08, 0x83, 0x08, 0x83, 0x08, 0x83, 0x08, 0x83, 0x08, 0x83, 0x08, 0x83, 0x08, 0x83, 0x08,
    0x83, 0x08, 0x83, 0x08, 0x83, 0x08, 0x83, 0x08, 0x83, 0x08, 0x83, 0x08, 0x83, 0x08, 0x83, 0x08,
    0x83, 0x08, 0x83, 0x08, 0x83, 0x08, 0x83, 0x08, 0x83, 0x08, 0x83, 0x08, 0x83, 0x08, 0x83, 0x08,
    0x83, 0x08, 0x83, 0x08, 0x83, 0x08, 0xf0, 0x83, 0x29, 0x4a, 0xe9, 0x41, 0x10, 0x84, 0xff, 0xff,
    0x7d, 0xf7, 0x2d, 0x6b, 0xc9, 0x39, 0x88, 0x31, 0x88, 0x31, 0x26, 0x21, 0x05, 0x21, 0xba, 0xd6,
    0xff, 0xff, 0x96, 0xb5, 0x51, 0x84, 0x7a, 0xce, 0xff, 0xff, 0xff, 0xff, 0x14, 0xa5, 0xb6, 0xb5,
    0x38, 0xc6, 0x0c, 0x63, 0x93, 0x53, 0x0f, 0x53, 0x8c, 0xbc, 0x50, 0xd5, 0xac, 0x52, 0xf1, 0x73,
    0x54, 0xa5, 0x54, 0xa5, 0x55, 0xad, 0x74, 0xad, 0xb2, 0x94, 0x50, 0x5b, 0xee, 0x4a, 0x99, 0xd6,
    0x59, 0xce, 0xd0, 0x73, 0xf1, 0x73, 0x4f, 0x5b, 0x6e, 0x63, 0xb6, 0xbd, 0x58, 0xce, 0x1b, 0xe7,
    0xff, 0xff, 0xfb, 0xde, 0x45, 0x21, 0x25, 0x21, 0x25, 0x21, 0x2a, 0x4a, 0x0f, 0x6b, 0x8b, 0x5a,
    0xde, 0xff, 0x14, 0xa5, 0xa3, 0x10, 0xcd, 0x5a, 0x0f, 0x6b, 0xee, 0x6a, 0x0f, 0x73, 0xc9, 0x41,
    0xb6, 0xb5, 0x83, 0x08, 0x83, 0x08, 0x83, 0x08, 0x83, 0x08, 0x83, 0x08, 0x83, 0x08, 0x83, 0x08,
    0x83, 0x08, 0x83, 0x08, 0x83, 0x08, 0x83, 0x08, 0x83, 0x08, 0x83, 0x08, 0x83, 0x08, 0x83, 0x08,
    0x83, 0x08, 0x83, 0x08, 0x83, 0x08, 0x83, 0x08, 0x83, 0x08, 0x83, 0x08, 0x83, 0x08, 0x83, 0x08,
    0x83, 0x08, 0x83, 0x08, 0x83, 0x08, 0x83, 0x08, 0x83, 0x08, 0x83, 0x08, 0x83, 0x08, 0x83, 0x08,
    0x83, 0x08, 0x83, 0x08, 0x83, 0x08, 0x83, 0x08, 0x83, 0x08, 0x83, 0x08, 0x83, 0x08, 0x83, 0x08,
    0x83, 0x08, 0x83, 0x08, 0x83, 0x08, 0x83, 0x08, 0x83, 0x08, 0x83, 0x08, 0x83, 0x08, 0x83, 0x08,
    0x83, 0x08, 0x83, 0x08, 0x83, 0x08, 0x83, 0x08, 0x83, 0x08, 0x83, 0x08, 0x83, 0x08, 0x83, 0x08,
    0x83, 0x08, 0x3c, 0xe7, 0xaa, 0x52, 0x2a, 0x52, 0x4f, 0x73, 0x6b, 0x52, 0xfb, 0xde, 0x1c, 0xe7,
    0xba, 0xde, 0x87, 0x31, 0x05, 0x19, 0x25, 0x19, 0x05, 0x19, 0x25, 0x21, 0xc4, 0x18, 0x75, 0xad,
    0xff, 0xff, 0xdb, 0xde, 0x3b, 0xef, 0x79, 0xd6, 0x9e, 0xff, 0x96, 0xbd, 0x71, 0x94, 0xf7, 0xc5,
    0x51, 0x8c, 0xb5, 0xb5, 0x11, 0x7c, 0x11, 0x4b, 0x09, 0x73, 0x0d, 0x94, 0x0a, 0x6b, 0x50, 0x8c,
    0x75, 0xb5, 0xf7, 0xbd, 0xd7, 0xbd, 0x79, 0xd6, 0x17, 0xc6, 0x91, 0x94, 0xae, 0x73, 0xd2, 0x6b,
    0xf2, 0x42, 0x95, 0x53, 0xb6, 0x53, 0x39, 0x64, 0xf7, 0x5b, 0xd0, 0x42, 0x10, 0x7c, 0x99, 0xd6,
    0xdf, 0xff, 0x0c, 0x63, 0x83, 0x10, 0x66, 0x29, 0x05, 0x19, 0x09, 0x42, 0x8c, 0x5a, 0x51, 0x94,
    0xff, 0xff, 0xaa, 0x52, 0x21, 0x00, 0x25, 0x21, 0xad, 0x5a, 0x0e, 0x6b, 0xee, 0x6a, 0xee, 0x6a,
    0xe9, 0x41, 0xba, 0xd6, 0x83, 0x08, 0x83, 0x08, 0x83, 0x08, 0x83, 0x08, 0x83, 0x08, 0x83, 0x08,
    0x83, 0x08, 0x83, 0x08, 0x83, 0x08, 0x83, 0x08, 0x83, 0x08, 0x83, 0x08, 0x83, 0x08, 0x83, 0x08,
    0x83, 0x08, 0x83, 0x08, 0x83, 0x08, 0x83, 0x08, 0x83, 0x08, 0x83, 0x08, 0x83, 0x08, 0x83, 0x08,
    0x83, 0x08, 0x83, 0x08, 0x83, 0x08, 0x83, 0x08, 0x83, 0x08, 0x83, 0x08, 0x83, 0x08, 0x83, 0x08,
    0x83, 0x08, 0x83, 0x08, 0x83, 0x08, 0x83, 0x08, 0x83, 0x08, 0x83, 0x08, 0x83, 0x08, 0x83, 0x08,
    0x83, 0x08, 0x83, 0x08, 0x83, 0x08, 0x83, 0x08, 0x83, 0x08, 0x83, 0x08, 0x83, 0x08, 0x83, 0x08,
    0x83, 0x08, 0x83, 0x08, 0x83, 0x08, 0x83, 0x08, 0x83, 0x08, 0x83, 0x08, 0x83, 0x08, 0x83, 0x08,
    0x1c, 0xe7, 0x4a, 0x4a, 0x8c, 0x5a, 0x2f, 0x73, 0xcd, 0x62, 0xab, 0x5a, 0xbd, 0xf7, 0xba, 0xde,
    0x1b, 0xe7, 0x6a, 0x52, 0xe5, 0x18, 0x26, 0x21, 0x66, 0x29, 0x17, 0xc6, 0xbb, 0xde, 0x5d, 0xef,
    0x17, 0xc6, 0x76, 0xad, 0x4f, 0x5b, 0x2f, 0x53, 0x51, 0x8c, 0x18, 0xce, 0x5d, 0xf7, 0xdb, 0xde,
    0x34, 0xa5, 0x14, 0xa5, 0xf3, 0x9c, 0x28, 0x42, 0x49, 0x4a, 0x9a, 0xd6, 0x79, 0xce, 0xd2, 0x9c,
    0x2c, 0x6b, 0xf7, 0xbd, 0xf7, 0xbd, 0xf7, 0xbd, 0x79, 0xce, 0xf3, 0xa4, 0x4b, 0x3a, 0x13, 0x74,
    0x53, 0x84, 0x52, 0x84, 0xb5, 0x8c, 0x93, 0x5b, 0x18, 0x5c, 0x9a, 0x6c, 0xcf, 0x42, 0x14, 0xa5,
    0xff, 0xff, 0x1c, 0xe7, 0xcb, 0x5a, 0xe4, 0x18, 0x25, 0x21, 0x09, 0x42, 0x09, 0x42, 0x59, 0xce,
    0xff, 0xff, 0x51, 0x8c, 0xb2, 0x94, 0xcb, 0x5a, 0x05, 0x21, 0xed, 0x62, 0x0e, 0x6b, 0x0f, 0x6b,
    0x8d, 0x62, 0xac, 0x5a, 0x83, 0x08, 0x83, 0x08, 0x83, 0x08, 0x83, 0x08, 0x83, 0x08, 0x83, 0x08,
    0x83, 0x08, 0x83, 0x08, 0x83, 0x08, 0x83, 0x08, 0x83, 0x08, 0x83, 0x08, 0x83, 0x08, 0x83, 0x08,
    0x83, 0x08, 0x83, 0x08, 0x83, 0x08, 0x83, 0x08, 0x83, 0x08, 0x83, 0x08, 0x83, 0x08, 0x83, 0x08,
    0x83, 0x08, 0x83, 0x08, 0x83, 0x08, 0x83, 0x08, 0x83, 0x08, 0x83, 0x08, 0x83, 0x08, 0x83, 0x08,
    0x83, 0x08, 0x83, 0x08, 0x83, 0x08, 0x83, 0x08, 0x83, 0x08, 0x83, 0x08, 0x83, 0x08, 0x83, 0x08,
    0x83, 0x08, 0x83, 0x08, 0x83, 0x08, 0x83, 0x08, 0x83, 0x08, 0x83, 0x08, 0x83, 0x08, 0x83, 0x08,
    0x83, 0x08, 0x83, 0x08, 0x83, 0x08, 0x83, 0x08, 0x83, 0x08, 0x83, 0x08, 0x83, 0x08, 0x83, 0x08,
    0x6a, 0x52, 0x8c, 0x5a, 0x2f, 0x73, 0xee, 0x6a, 0x0f, 0x6b, 0x4a, 0x52, 0xf3, 0x9c, 0x13, 0x9d,
    0xba, 0xd6, 0x92, 0x94, 0xa4, 0x10, 0x05, 0x21, 0x29, 0x42, 0xff, 0xff, 0xdf, 0xff, 0x1c, 0xe7,
    0x10, 0x74, 0x32, 0x43, 0xf7, 0x5b, 0x71, 0x5b, 0x55, 0xb5, 0x3d, 0xf7, 0xd7, 0xbd, 0x10, 0x84,
    0xef, 0x7b, 0x51, 0x8c, 0xeb, 0x5a, 0x49, 0x4a, 0x0c, 0x63, 0x75, 0xad, 0xd7, 0xbd, 0x91, 0x94,
    0xeb, 0x5a, 0x75, 0xb5, 0x79, 0xce, 0x58, 0xce, 0x17, 0xc6, 0x0c, 0x63, 0x31, 0x84, 0xfb, 0xe6,
    0x1b, 0xe7, 0xda, 0xde, 0x1b, 0xe7, 0xda, 0xde, 0x12, 0x74, 0xf6, 0x5b, 0x39, 0x64, 0x4f, 0x5b,
    0x37, 0xc6, 0xfb, 0xde, 0xec, 0x5a, 0xe4, 0x18, 0x25, 0x21, 0xa7, 0x31, 0x92, 0x94, 0x18, 0xc6,
    0x9e, 0xf7, 0xde, 0xff, 0xff, 0xff, 0x7a, 0xce, 0xc4, 0x18, 0xa7, 0x31, 0xee, 0x6a, 0xee, 0x6a,
    0x2f, 0x73, 0xea, 0x49, 0xb2, 0x94, 0x83, 0x08, 0x83, 0x08, 0x83, 0x08, 0x83, 0x08, 0x83, 0x08,
    0x83, 0x08, 0x83, 0x08, 0x83, 0x08, 0x83, 0x08, 0x83, 0x08, 0x83, 0x08, 0x83, 0x08, 0x83, 0x08,
    0x83, 0x08, 0x83, 0x08, 0x83, 0x08, 0x83, 0x08, 0x83, 0x08, 0x83, 0x08, 0x83, 0x08, 0x83, 0x08,
    0x83, 0x08, 0x83, 0x08, 0x83, 0x08, 0x83, 0x08, 0x83, 0x08, 0x83, 0x08, 0x83, 0x08, 0x83, 0x08,
    0x83, 0x08, 0x83, 0x08, 0x83, 0x08, 0x83, 0x08, 0x83, 0x08, 0x83, 0x08, 0x83, 0x08, 0x83, 0x08,
    0x83, 0x08, 0x83, 0x08, 0x83, 0x08, 0x83, 0x08, 0x83, 0x08, 0x83, 0x08, 0x83, 0x08, 0x83, 0x08,
    0x83, 0x08, 0x83, 0x08, 0x83, 0x08, 0x83, 0x08, 0x83, 0x08, 0x83, 0x08, 0x83, 0x08, 0x4d, 0x6b,
    0x4b, 0x52, 0x2f, 0x73, 0xee, 0x62, 0x0e, 0x6b, 0x0f, 0x6b, 0x8c, 0x5a, 0xa4, 0x18, 0x25, 0x21,
    0x9e, 0xf7, 0xda, 0xde, 0x05, 0x21, 0x26, 0x21, 0x05, 0x21, 0xb2, 0x94, 0x9e, 0xf7, 0x30, 0x84,
    0x73, 0x4b, 0xbb, 0x6c, 0x93, 0x53, 0xb7, 0xbd, 0x75, 0xb5, 0x14, 0xa5, 0xcf, 0x7b, 0x34, 0xa5,
    0x38, 0xc6, 0x75, 0xad, 0x92, 0x94, 0x59, 0xce, 0x0c, 0x63, 0x88, 0x5a, 0xec, 0x93, 0x2a, 0x73,
    0x50, 0x8c, 0xb6, 0xb5, 0xd2, 0x9c, 0x91, 0x94, 0x4c, 0x6b, 0xf3, 0x9c, 0xd6, 0xbd, 0x54, 0xad,
    0x75, 0xb5, 0x96, 0xb5, 0x6d, 0x6b, 0xf7, 0xbd, 0x74, 0xb5, 0x4f, 0x5b, 0x59, 0x64, 0x73, 0x53,
    0xf3, 0x9c, 0x04, 0x21, 0xe5, 0x18, 0x46, 0x21, 0x46, 0x21, 0x25, 0x21, 0x7d, 0xef, 0xf3, 0x9c,
    0x95, 0xb5, 0xff, 0xff, 0x3c, 0xe7, 0x38, 0xc6, 0x25, 0x21, 0x25, 0x21, 0xe9, 0x39, 0x0f, 0x6b,
    0xee, 0x6a, 0x0e, 0x6b, 0x08, 0x4a, 0xfb, 0xde, 0x83, 0x08, 0x83, 0x08, 0x83, 0x08, 0x83, 0x08,
    0x83, 0x08, 0x83, 0x08, 0x83, 0x08, 0x83, 0x08, 0x83, 0x08, 0x83, 0x08, 0x83, 0x08, 0x83, 0x08,
    0x83, 0x08, 0x83, 0x08, 0x83, 0x08, 0x83, 0x08, 0x83, 0x08, 0x83, 0x08, 0x83, 0x08, 0x83, 0x08,
    0x83, 0x08, 0x83, 0x08, 0x83, 0x08, 0x83, 0x08, 0x83, 0x08, 0x83, 0x08, 0x83, 0x08, 0x83, 0x08,
    0x83, 0x08, 0x83, 0x08, 0x83, 0x08, 0x83, 0x08, 0x83, 0x08, 0x83, 0x08, 0x83, 0x08, 0x83, 0x08,
    0x83, 0x08, 0x83, 0x08, 0x83, 0x08, 0x83, 0x08, 0x83, 0x08, 0x83, 0x08, 0x83, 0x08, 0x83, 0x08,
    0x83, 0x08, 0x83, 0x08, 0x83, 0x08, 0x83, 0x08, 0x83, 0x08, 0x83, 0x08, 0xd2, 0x9c, 0xe9, 0x41,
    0x2f, 0x73, 0xee, 0x6a, 0x0e, 0x6b, 0xce, 0x6a, 0xc9, 0x39, 0x46, 0x29, 0xe4, 0x18, 0x08, 0x42,
    0xbe, 0xf7, 0xff, 0xff, 0xcc, 0x5a, 0xa4, 0x18, 0x87, 0x31, 0x7e, 0xf7, 0x9a, 0xd6, 0x50, 0x5b,
    0x59, 0x64, 0x59, 0x64, 0x72, 0x53, 0x14, 0xa5, 0x75, 0xad, 0x30, 0x84, 0xb6, 0xb5, 0x38, 0xc6,
    0x59, 0xce, 0x2c, 0x63, 0x51, 0x8c, 0x75, 0xad, 0xec, 0x5a, 0x4b, 0x73, 0xce, 0xcc, 0x6e, 0xac,
    0xeb, 0x5a, 0x50, 0x8c, 0xb2, 0x94, 0x0b, 0x63, 0xca, 0x5a, 0x54, 0xad, 0xd2, 0x9c, 0xf3, 0x9c,
    0x74, 0xad, 0xd6, 0xbd, 0x54, 0xad, 0xb6, 0xb5, 0x7d, 0xef, 0x17, 0xc6, 0xd4, 0x5b, 0x96, 0x53,
    0x55, 0xa5, 0x10, 0x84, 0xc4, 0x10, 0x05, 0x19, 0xa3, 0x10, 0x08, 0x42, 0x7d, 0xef, 0xb6, 0xb5,
    0x38, 0xc6, 0x17, 0xc6, 0xaa, 0x5a, 0x66, 0x29, 0x26, 0x21, 0x46, 0x21, 0x26, 0x21, 0x6b, 0x52,
    0x0f, 0x6b, 0x0f, 0x6b, 0x4b, 0x5a, 0xaf, 0x7b, 0x83, 0x08, 0x83, 0x08, 0x83, 0x08, 0x83, 0x08,
    0x83, 0x08, 0x83, 0x08, 0x83, 0x08, 0x83, 0x08, 0x83, 0x08, 0x83, 0x08, 0x83, 0x08, 0x83, 0x08,
    0x83, 0x08, 0x83, 0x08, 0x83, 0x08, 0x83, 0x08, 0x83, 0x08, 0x83, 0x08, 0x83, 0x08, 0x83, 0x08,
    0x83, 0x08, 0x83, 0x08, 0x83, 0x08, 0x83, 0x08, 0x83, 0x08, 0x83, 0x08, 0x83, 0x08, 0x83, 0x08,
    0x83, 0x08, 0x83, 0x08, 0x83, 0x08, 0x83, 0x08, 0x83, 0x08, 0x83, 0x08, 0x83, 0x08, 0x83, 0x08,
    0x83, 0x08, 0x83, 0x08, 0x83, 0x08, 0x83, 0x08, 0x83, 0x08, 0x83, 0x08, 0x83, 0x08, 0x83, 0x08,
    0x83, 0x08, 0x83, 0x08, 0x83, 0x08, 0x83, 0x08, 0x83, 0x08, 0x99, 0xd6, 0xc8, 0x39, 0x0f, 0x6b,
    0xee, 0x6a, 0x0e, 0x6b, 0xce, 0x6a, 0x87, 0x31, 0x26, 0x21, 0xe5, 0x18, 0xec, 0x5a, 0x1c, 0xe7,
    0x3c, 0xe7, 0xdb, 0xde, 0x18, 0xc6, 0x83, 0x10, 0x05, 0x21, 0xcb, 0x5a, 0x18, 0xc6, 0x73, 0x5b,
    0x59, 0x64, 0x18, 0x5c, 0xd2, 0x6b, 0xb5, 0xb5, 0xae, 0x73, 0x34, 0xa5, 0x38, 0xc6, 0x18, 0xc6,
    0x34, 0xa5, 0x2c, 0x63, 0xaa, 0x52, 0x8e, 0x73, 0xb7, 0xbd, 0xaa, 0x52, 0xaa, 0x9b, 0x4a, 0x73,
    0x4e, 0x74, 0x91, 0x94, 0x58, 0xce, 0x89, 0x52, 0xef, 0x7b, 0xce, 0x7b, 0x30, 0x8c, 0x50, 0x8c,
    0xce, 0x7b, 0x30, 0x84, 0x95, 0xb5, 0x75, 0xad, 0x59, 0xce, 0x58, 0xce, 0x14, 0x6c, 0x96, 0x4b,
    0xf4, 0x94, 0x6d, 0x6b, 0xc3, 0x10, 0x8b, 0x4a, 0xf3, 0x9c, 0x9e, 0xf7, 0xff, 0xff, 0x79, 0xce,
    0xd3, 0x9c, 0x3c, 0xe7, 0x2c, 0x63, 0xa3, 0x10, 0x66, 0x29, 0x46, 0x21, 0x26, 0x21, 0x66, 0x29,
    0xed, 0x62, 0xee, 0x6a, 0x0f, 0x73, 0xe9, 0x49, 0x38, 0xc6, 0x83, 0x08, 0x83, 0x08, 0x83, 0x08,
    0x83, 0x08, 0x83, 0x08, 0x83, 0x08, 0x83, 0x08, 0x83, 0x08, 0x83, 0x08, 0x83, 0x08, 0x83, 0x08,
    0x83, 0x08, 0x83, 0x08, 0x83, 0x08, 0x83, 0x08, 0x83, 0x08, 0x83, 0x08, 0x83, 0x08, 0x83, 0x08,
    0x83, 0x08, 0x83, 0x08, 0x83, 0x08, 0x83, 0x08, 0x83, 0x08, 0x83, 0x08, 0x83, 0x08, 0x83, 0x08,
    0x83, 0x08, 0x83, 0x08, 0x83, 0x08, 0x83, 0x08, 0x83, 0x08, 0x83, 0x08, 0x83, 0x08, 0x83, 0x08,
    0x83, 0x08, 0x83, 0x08, 0x83, 0x08, 0x83, 0x08, 0x83, 0x08, 0x83, 0x08, 0x83, 0x08, 0x83, 0x08,
    0x83, 0x08, 0x83, 0x08, 0x83, 0x08, 0x83, 0x08, 0x83, 0x08, 0xcb, 0x5a, 0xac, 0x5a, 0x0e, 0x6b,
    0xee, 0x6a, 0xee, 0x6a, 0x88, 0x31, 0x26, 0x19, 0x67, 0x29, 0xa4, 0x10, 0x75, 0xb5, 0xdf, 0xff,
    0xd3, 0x9c, 0xb6, 0xb5, 0x7d, 0xef, 0x11, 0x84, 0xa4, 0x10, 0x6e, 0x6b, 0x79, 0xd6, 0x53, 0x53,
    0x79, 0x64, 0xd7, 0x53, 0x32, 0x7c, 0x95, 0xb5, 0x30, 0x84, 0xb6, 0xb5, 0xf7, 0xbd, 0x38, 0xc6,
    0x92, 0x94, 0xae, 0x73, 0xd3, 0x9c, 0xd3, 0x9c, 0x38, 0xce, 0xe7, 0x39, 0x08, 0x73, 0xeb, 0x93,
    0x2a, 0x5b, 0x4c, 0x6b, 0x2c, 0x6b, 0x07, 0x42, 0xf3, 0x9c, 0x38, 0xce, 0x34, 0xa5, 0x85, 0x31,
    0x07, 0x42, 0x58, 0xce, 0x0f, 0x84, 0x34, 0xad, 0x34, 0xad, 0x13, 0xa5, 0x34, 0x74, 0xf7, 0x53,
    0x8a, 0x4a, 0x6d, 0x6b, 0x5a, 0xc6, 0x7e, 0xef, 0xff, 0xff, 0xdf, 0xff, 0xff, 0xff, 0x9a, 0xd6,
    0xf7, 0xbd, 0xff, 0xff, 0xcf, 0x7b, 0xe4, 0x18, 0x46, 0x21, 0x46, 0x21, 0x46, 0x21, 0x25, 0x21,
    0xe9, 0x41, 0x0f, 0x6b, 0x0e, 0x6b, 0x6c, 0x5a, 0x72, 0x94, 0x83, 0x08, 0x83, 0x08, 0x83, 0x08,
    0x83, 0x08, 0x83, 0x08, 0x83, 0x08, 0x83, 0x08, 0x83, 0x08, 0x83, 0x08, 0x83, 0x08, 0x83, 0x08,
    0x83, 0x08, 0x83, 0x08, 0x83, 0x08, 0x83, 0x08, 0x83, 0x08, 0x83, 0x08, 0x83, 0x08, 0x83, 0x08,
    0x83, 0x08, 0x83, 0x08, 0x83, 0x08, 0x83, 0x08, 0x83, 0x08, 0x83, 0x08, 0x83, 0x08, 0x83, 0x08,
    0x83, 0x08, 0x83, 0x08, 0x83, 0x08, 0x83, 0x08, 0x83, 0x08, 0x83, 0x08, 0x83, 0x08, 0x83, 0x08,
    0x83, 0x08, 0x83, 0x08, 0x83, 0x08, 0x83, 0x08, 0x83, 0x08, 0x83, 0x08, 0x83, 0x08, 0x83, 0x08,
    0x83, 0x08, 0x83, 0x08, 0x83, 0x08, 0x83, 0x08, 0xf3, 0x9c, 0xe9, 0x41, 0x2f, 0x73, 0xee, 0x6a,
    0x0e, 0x6b, 0xc9, 0x41, 0x06, 0x21, 0x46, 0x21, 0x47, 0x29, 0xa4, 0x10, 0xf3, 0x9c, 0xff, 0xff,
    0xdb, 0xde, 0x9a, 0xd6, 0x39, 0xc6, 0x7d, 0xef, 0x7b, 0xce, 0xb3, 0x94, 0x38, 0xc6, 0x53, 0x53,
    0x7a, 0x6c, 0xd7, 0x5b, 0x32, 0x7c, 0x54, 0xad, 0x10, 0x84, 0xd7, 0xbd, 0xf7, 0xbd, 0x18, 0xc6,
    0xb6, 0xb5, 0x6d, 0x6b, 0xcb, 0x5a, 0xcb, 0x5a, 0x8e, 0x73, 0x6d, 0x6b, 0x88, 0x5a, 0x69, 0x8b,
    0x09, 0x73, 0x2f, 0x8c, 0xcb, 0x5a, 0x4c, 0x6b, 0x50, 0x8c, 0xf3, 0xa4, 0x65, 0x29, 0xc2, 0x18,
    0x50, 0x8c, 0xfb, 0xde, 0xb6, 0xbd, 0xef, 0x7b, 0x75, 0xb5, 0x34, 0xa5, 0xd4, 0x5b, 0xb6, 0x53,
    0xd3, 0x9c, 0xb3, 0x94, 0x3e, 0xdf, 0x7e, 0xef, 0xde, 0xff, 0xde, 0xff, 0xff, 0xff, 0xfb, 0xde,
    0x75, 0xad, 0x3c, 0xe7, 0xbe, 0xff, 0xd7, 0xbd, 0x25, 0x21, 0x46, 0x21, 0x46, 0x21, 0x46, 0x21,
    0x26, 0x21, 0xad, 0x5a, 0x0e, 0x6b, 0xee, 0x6a, 0xba, 0xd6, 0x83, 0x08, 0x83, 0x08, 0x83, 0x08,
    0x83, 0x08, 0x83, 0x08, 0x83, 0x08, 0x83, 0x08, 0x83, 0x08, 0x83, 0x08, 0x83, 0x08, 0x83, 0x08,
    0x83, 0x08, 0x83, 0x08, 0x83, 0x08, 0x83, 0x08, 0x83, 0x08, 0x83, 0x08, 0x83, 0x08, 0x83, 0x08,
    0x83, 0x08, 0x83, 0x08, 0x83, 0x08, 0x83, 0x08, 0x83, 0x08, 0x83, 0x08, 0x83, 0x08, 0x83, 0x08,
    0x83, 0x08, 0x83, 0x08, 0x83, 0x08, 0x83, 0x08, 0x83, 0x08, 0x83, 0x08, 0x83, 0x08, 0x83, 0x08,
    0x83, 0x08, 0x83, 0x08, 0x83, 0x08, 0x83, 0x08, 0x83, 0x08, 0x83, 0x08, 0x83, 0x08, 0x83, 0x08,
    0x83, 0x08, 0x83, 0x08, 0x83, 0x08, 0x83, 0x08, 0x29, 0x4a, 0xee, 0x6a, 0xee, 0x6a, 0x0e, 0x6b,
    0x4b, 0x4a, 0x26, 0x21, 0x46, 0x21, 0x46, 0x21, 0x46, 0x29, 0xe5, 0x18, 0x8a, 0x52, 0x79, 0xce,
    0x75, 0xad, 0xba, 0xd6, 0x3c, 0xe7, 0xf7, 0xbd, 0xff, 0xff, 0x77, 0xad, 0xcf, 0x7b, 0x70, 0x5b,
    0xb0, 0x42, 0xf1, 0x42, 0x32, 0x74, 0x74, 0xad, 0xf0, 0x7b, 0xb6, 0xb5, 0x18, 0xc6, 0xf7, 0xbd,
    0x38, 0xc6, 0x96, 0xb5, 0x8e, 0x73, 0x79, 0xce, 0xcf, 0x7b, 0xd3, 0x9c, 0xeb, 0x5a, 0xf3, 0x9c,
    0x4c, 0x6b, 0x07, 0x42, 0x8a, 0x52, 0x34, 0xad, 0x30, 0x8c, 0x89, 0x52, 0x44, 0x29, 0x28, 0x42,
    0xba, 0xde, 0xf7, 0xc5, 0x38, 0xc6, 0xf3, 0x9c, 0xae, 0x7b, 0x52, 0x53, 0x9a, 0x64, 0x52, 0x4b,
    0x0c, 0x63, 0xf9, 0xbd, 0x3e, 0xdf, 0x9e, 0xf7, 0xdf, 0xff, 0xdf, 0xff, 0xff, 0xff, 0x1c, 0xe7,
    0x51, 0x8c, 0x1c, 0xe7, 0xff, 0xff, 0x9d, 0xf7, 0x66, 0x29, 0x26, 0x21, 0x46, 0x21, 0x46, 0x21,
    0x26, 0x21, 0xc9, 0x39, 0xce, 0x62, 0x12, 0x8c, 0x83, 0x08, 0x83, 0x08, 0x83, 0x08, 0x83, 0x08,
    0x83, 0x08, 0x83, 0x08, 0x83, 0x08, 0x83, 0x08, 0x83, 0x08, 0x83, 0x08, 0x83, 0x08, 0x83, 0x08,
    0x83, 0x08, 0x83, 0x08, 0x83, 0x08, 0x83, 0x08, 0x83, 0x08, 0x83, 0x08, 0x83, 0x08, 0x83, 0x08,
    0x83, 0x08, 0x83, 0x08, 0x83, 0x08, 0x83, 0x08, 0x83, 0x08, 0x83, 0x08, 0x83, 0x08, 0x83, 0x08,
    0x83, 0x08, 0x83, 0x08, 0x83, 0x08, 0x83, 0x08, 0x83, 0x08, 0x83, 0x08, 0x83, 0x08, 0x83, 0x08,
    0x83, 0x08, 0x83, 0x08, 0x83, 0x08, 0x83, 0x08, 0x83, 0x08, 0x83, 0x08, 0x83, 0x08, 0x83, 0x08,
    0x83, 0x08, 0x83, 0x08, 0x83, 0x08, 0x71, 0x8c, 0x2a, 0x4a, 0x2f, 0x6b, 0x0e, 0x6b, 0xad, 0x5a,
    0x26, 0x21, 0x46, 0x21, 0x46, 0x21, 0x46, 0x21, 0x46, 0x21, 0x46, 0x21, 0x05, 0x19, 0x05, 0x21,
    0x30, 0x84, 0xba, 0xd6, 0xff, 0xff, 0x79, 0xce, 0x9e, 0xf7, 0x7e, 0xef, 0xf2, 0x9c, 0x0f, 0x53,
    0x12, 0x43, 0x6d, 0x32, 0x71, 0x5b, 0x75, 0xb5, 0x30, 0x84, 0xf3, 0x9c, 0x18, 0xc6, 0xf7, 0xbd,
    0xf7, 0xbd, 0x38, 0xc6, 0x10, 0x84, 0x30, 0x84, 0x6d, 0x6b, 0xae, 0x73, 0x18, 0xc6, 0xdb, 0xde,
    0xce, 0x7b, 0x47, 0x4a, 0x6d, 0x73, 0x85, 0x31, 0x86, 0x31, 0xd2, 0x9c, 0xc6, 0x39, 0xf3, 0xa4,
    0xba, 0xd6, 0xd6, 0xbd, 0x17, 0xc6, 0x75, 0xb5, 0x6e, 0x6b, 0x16, 0x64, 0x59, 0x64, 0x2f, 0x5b,
    0x9a, 0xce, 0x7e, 0xe7, 0x1d, 0xdf, 0xdf, 0xff, 0xdf, 0xff, 0xdf, 0xff, 0xff, 0xff, 0xba, 0xde,
    0xf8, 0xbd, 0x7d, 0xef, 0x18, 0xc6, 0xb6, 0xb5, 0x25, 0x21, 0x46, 0x21, 0x46, 0x21, 0x46, 0x21,
    0x46, 0x21, 0x46, 0x21, 0x4b, 0x52, 0x19, 0xce, 0x83, 0x08, 0x83, 0x08, 0x83, 0x08, 0x83, 0x08,
    0x83, 0x08, 0x83, 0x08, 0x83, 0x08, 0x83, 0x08, 0x83, 0x08, 0x83, 0x08, 0x83, 0x08, 0x83, 0x08,
    0x83, 0x08, 0x83, 0x08, 0x83, 0x08, 0x83, 0x08, 0x83, 0x08, 0x83, 0x08, 0x83, 0x08, 0x83, 0x08,
    0x83, 0x08, 0x83, 0x08, 0x83, 0x08, 0x83, 0x08, 0x83, 0x08, 0x83, 0x08, 0x83, 0x08, 0x83, 0x08,
    0x83, 0x08, 0x83, 0x08, 0x83, 0x08, 0x83, 0x08, 0x83, 0x08, 0x83, 0x08, 0x83, 0x08, 0x83, 0x08,
    0x83, 0x08, 0x83, 0x08, 0x83, 0x08, 0x83, 0x08, 0x83, 0x08, 0x83, 0x08, 0x83, 0x08, 0x83, 0x08,
    0x83, 0x08, 0x83, 0x08, 0x83, 0x08, 0x4a, 0x4a, 0x0e, 0x6b, 0xee, 0x6a, 0x0e, 0x6b, 0x88, 0x31,
    0x26, 0x21, 0x46, 0x21, 0x46, 0x21, 0x46, 0x21, 0x46, 0x21, 0x46, 0x21, 0x67, 0x29, 0x26, 0x21,
    0xd3, 0x94, 0x9a, 0xd6, 0xff, 0xff, 0xbe, 0xff, 0xbe, 0xf7, 0xff, 0xff, 0x35, 0x9d, 0x32, 0x43,
    0x11, 0x43, 0x11, 0x43, 0xf1, 0x42, 0x52, 0x84, 0x91, 0x94, 0xae, 0x73, 0x55, 0xad, 0xf7, 0xbd,
    0xf7, 0xbd, 0xf7, 0xbd, 0xf7, 0xbd, 0x6d, 0x6b, 0x49, 0x4a, 0xd7, 0xbd, 0x59, 0xce, 0x10, 0x84,
    0xa8, 0x62, 0x4f, 0x8c, 0x95, 0xad, 0x89, 0x52, 0x0f, 0x84, 0x03, 0x21, 0xca, 0x5a, 0xda, 0xde,
    0xf7, 0xbd, 0xf7, 0xbd, 0x17, 0xc6, 0x95, 0xb5, 0x4d, 0x6b, 0x58, 0x64, 0x32, 0x4b, 0xf5, 0x9c,
    0xbf, 0xf7, 0x5e, 0xe7, 0x5e, 0xef, 0xff, 0xff, 0xdf, 0xff, 0xde, 0xff, 0xff, 0xff, 0x79, 0xce,
    0xb6, 0xb5, 0xf7, 0xbd, 0x04, 0x21, 0x25, 0x21, 0x26, 0x21, 0x46, 0x21, 0x46, 0x21, 0x46, 0x21,
    0x46, 0x29, 0xe5, 0x18, 0x8b, 0x52, 0x83, 0x08, 0x83, 0x08, 0x83, 0x08, 0x83, 0x08, 0x83, 0x08,
    0x83, 0x08, 0x83, 0x08, 0x83, 0x08, 0x83, 0x08, 0x83, 0x08, 0x83, 0x08, 0x83, 0x08, 0x83, 0x08,
    0x83, 0x08, 0x83, 0x08, 0x83, 0x08, 0x83, 0x08, 0x83, 0x08, 0x83, 0x08, 0x83, 0x08, 0x83, 0x08,
    0x83, 0x08, 0x83, 0x08, 0x83, 0x08, 0x83, 0x08, 0x83, 0x08, 0x83, 0x08, 0x83, 0x08, 0x83, 0x08,
    0x83, 0x08, 0x83, 0x08, 0x83, 0x08, 0x83, 0x08, 0x83, 0x08, 0x83, 0x08, 0x83, 0x08, 0x83, 0x08,
    0x83, 0x08, 0x83, 0x08, 0x83, 0x08, 0x83, 0x08, 0x83, 0x08, 0x83, 0x08, 0x83, 0x08, 0x83, 0x08,
    0x83, 0x08, 0x83, 0x08, 0xd3, 0x9c, 0x4a, 0x4a, 0x0f, 0x6b, 0x0e, 0x6b, 0x2a, 0x4a, 0x06, 0x21,
    0x46, 0x29, 0x46, 0x21, 0x46, 0x21, 0x46, 0x21, 0x46, 0x21, 0x46, 0x21, 0x26, 0x21, 0x83, 0x08,
    0x13, 0x9d, 0x38, 0xc6, 0xff, 0xff, 0xdf, 0xff, 0xff, 0xff, 0xbe, 0xff, 0xd2, 0x6b, 0x53, 0x4b,
    0x8e, 0x3a, 0x16, 0x5c, 0x94, 0x53, 0xce, 0x42, 0x51, 0x8c, 0xef, 0x83, 0x8e, 0x73, 0x14, 0xa5,
    0x96, 0xb5, 0x96, 0xb5, 0xb6, 0xb5, 0xd7, 0xbd, 0x4d, 0x6b, 0xcb, 0x5a, 0x71, 0x8c, 0x14, 0xa5,
    0xcb, 0x93, 0x8b, 0x7b, 0x6d, 0x6b, 0x17, 0xc6, 0x38, 0xc6, 0xae, 0x7b, 0xd6, 0xbd, 0x38, 0xce,
    0xf7, 0xbd, 0xf7, 0xbd, 0x58, 0xce, 0xd2, 0x9c, 0x2e, 0x5b, 0xb6, 0x53, 0x6f, 0x6b, 0x1e, 0xe7,
    0x7e, 0xef, 0x7e, 0xef, 0xbe, 0xf7, 0xff, 0xff, 0xdf, 0xff, 0xde, 0xff, 0xff, 0xff, 0xd7, 0xbd,
    0x1c, 0xe7, 0xf7, 0xbd, 0xc4, 0x18, 0x46, 0x21, 0x26, 0x21, 0x46, 0x21, 0x46, 0x21, 0x46, 0x21,
    0x46, 0x29, 0xc5, 0x18, 0x35, 0xa5, 0x83, 0x08, 0x83, 0x08, 0x83, 0x08, 0x83, 0x08, 0x83, 0x08,
    0x83, 0x08, 0x83, 0x08, 0x83, 0x08, 0x83, 0x08, 0x83, 0x08, 0x83, 0x08, 0x83, 0x08, 0x83, 0x08,
    0x83, 0x08, 0x83, 0x08, 0x83, 0x08, 0x83, 0x08, 0x83, 0x08, 0x83, 0x08, 0x83, 0x08, 0x83, 0x08,
    0x83, 0x08, 0x83, 0x08, 0x83, 0x08, 0x83, 0x08, 0x83, 0x08, 0x83, 0x08, 0x83, 0x08, 0x83, 0x08,
    0x83, 0x08, 0x83, 0x08, 0x83, 0x08, 0x83, 0x08, 0x83, 0x08, 0x83, 0x08, 0x83, 0x08, 0x83, 0x08,
    0x83, 0x08, 0x83, 0x08, 0x83, 0x08, 0x83, 0x08, 0x83, 0x08, 0x83, 0x08, 0x83, 0x08, 0x83, 0x08,
    0x83, 0x08, 0x83, 0x08, 0xab, 0x5a, 0xed, 0x62, 0x0e, 0x6b, 0xcd, 0x62, 0x46, 0x29, 0x26, 0x21,
    0x46, 0x21, 0x46, 0x21, 0x46, 0x21, 0x46, 0x21, 0x46, 0x21, 0x26, 0x21, 0xe8, 0x39, 0x75, 0xad,
    0xbe, 0xff, 0xd7, 0xbd, 0xdf, 0xff, 0xdf, 0xff, 0xff, 0xff, 0xda, 0xde, 0x10, 0x4b, 0xd0, 0x42,
    0x11, 0x43, 0x38, 0x64, 0x58, 0x64, 0x94, 0x53, 0xaf, 0x42, 0x6e, 0x6b, 0x2c, 0x6b, 0xeb, 0x62,
    0xae, 0x73, 0x0f, 0x84, 0xef, 0x7b, 0x2c, 0x63, 0xef, 0x7b, 0x9a, 0xd6, 0xbe, 0xf7, 0xff, 0xff,
    0x12, 0xad, 0x09, 0x73, 0x30, 0x84, 0xb2, 0x94, 0xb2, 0x94, 0x34, 0xa5, 0xf7, 0xbd, 0xf7, 0xbd,
    0x17, 0xc6, 0x58, 0xce, 0xce, 0x7b, 0xaa, 0x5a, 0xcf, 0x4a, 0x2f, 0x53, 0xbb, 0xd6, 0xfd, 0xde,
    0x7d, 0xf7, 0xbe, 0xff, 0xdf, 0xff, 0xdf, 0xff, 0xdf, 0xff, 0xde, 0xff, 0xff, 0xff, 0x34, 0xa5,
    0xbe, 0xff, 0x6e, 0x73, 0x63, 0x08, 0x67, 0x29, 0x26, 0x21, 0x46, 0x21, 0x46, 0x21, 0x46, 0x21,
    0x05, 0x19, 0x6a, 0x4a, 0x83, 0x08, 0x83, 0x08, 0x83, 0x08, 0x83, 0x08, 0x83, 0x08, 0x83, 0x08,
    0x83, 0x08, 0x83, 0x08, 0x83, 0x08, 0x83, 0x08, 0x83, 0x08, 0x83, 0x08, 0x83, 0x08, 0x83, 0x08,
    0x83, 0x08, 0x83, 0x08, 0x83, 0x08, 0x83, 0x08, 0x83, 0x08, 0x83, 0x08, 0x83, 0x08, 0x83, 0x08,
    0x83, 0x08, 0x83, 0x08, 0x83, 0x08, 0x83, 0x08, 0x83, 0x08, 0x83, 0x08, 0x83, 0x08, 0x83, 0x08,
    0x83, 0x08, 0x83, 0x08, 0x83, 0x08, 0x83, 0x08, 0x83, 0x08, 0x83, 0x08, 0x83, 0x08, 0x83, 0x08,
    0x83, 0x08, 0x83, 0x08, 0x83, 0x08, 0x83, 0x08, 0x83, 0x08, 0x83, 0x08, 0x83, 0x08, 0x83, 0x08,
    0x83, 0x08, 0x75, 0xad, 0x2a, 0x4a, 0x2e, 0x6b, 0x0e, 0x6b, 0xe9, 0x39, 0x26, 0x21, 0x46, 0x21,
    0x46, 0x21, 0x46, 0x21, 0x46, 0x21, 0x46, 0x21, 0x67, 0x29, 0xc4, 0x10, 0x10, 0x84, 0xff, 0xff,
    0x1c, 0xe7, 0xd2, 0x9c, 0x3c, 0xe7, 0xff, 0xff, 0xff, 0xff, 0x18, 0xc6, 0x2c, 0x32, 0xd0, 0x3a,
    0xb5, 0x53, 0x59, 0x64, 0x38, 0x64, 0x58, 0x64, 0xf7, 0x5b, 0x52, 0x4b, 0xef, 0x42, 0x4b, 0x3a,
    0xc9, 0x31, 0xea, 0x31, 0x6a, 0x4a, 0x58, 0xce, 0xff, 0xff, 0xff, 0xff, 0xde, 0xff, 0xff, 0xff,
    0xb6, 0xbd, 0xe8, 0x7a, 0xab, 0x8b, 0x68, 0x52, 0xd0, 0x84, 0xd0, 0x7c, 0x91, 0x94, 0x79, 0xce,
    0xd6, 0xbd, 0x4d, 0x6b, 0x07, 0x42, 0x86, 0x31, 0x0e, 0x53, 0x1c, 0xe7, 0xbf, 0xff, 0x39, 0xc6,
    0xde, 0xff, 0xdf, 0xff, 0xdf, 0xff, 0xdf, 0xff, 0xdf, 0xff, 0xff, 0xff, 0xbe, 0xf7, 0x14, 0xa5,
    0xff, 0xff, 0xb2, 0x94, 0xa7, 0x39, 0x46, 0x21, 0x26, 0x21, 0x46, 0x21, 0x46, 0x21, 0x46, 0x21,
    0xe5, 0x18, 0xd7, 0xb5, 0x83, 0x08, 0x83, 0x08, 0x83, 0x08, 0x83, 0x08, 0x83, 0x08, 0x83, 0x08,
    0x83, 0x08, 0x83, 0x08, 0x83, 0x08, 0x83, 0x08, 0x83, 0x08, 0x83, 0x08, 0x83, 0x08, 0x83, 0x08,
    0x83, 0x08, 0x83, 0x08, 0x83, 0x08, 0x83, 0x08, 0x83, 0x08, 0x83, 0x08, 0x83, 0x08, 0x83, 0x08,
    0x83, 0x08, 0x83, 0x08, 0x83, 0x08, 0x83, 0x08, 0x83, 0x08, 0x83, 0x08, 0x83, 0x08, 0x83, 0x08,
    0x83, 0x08, 0x83, 0x08, 0x83, 0x08, 0x83, 0x08, 0x83, 0x08, 0x83, 0x08, 0x83, 0x08, 0x83, 0x08,
    0x83, 0x08, 0x83, 0x08, 0x83, 0x08, 0x83, 0x08, 0x83, 0x08, 0x83, 0x08, 0x83, 0x08, 0x83, 0x08,
    0x83, 0x08, 0xec, 0x62, 0xcd, 0x62, 0x0e, 0x6b, 0x8c, 0x5a, 0x26, 0x21, 0x46, 0x21, 0x46, 0x21,
    0x26, 0x21, 0x46, 0x29, 0x46, 0x21, 0x46, 0x21, 0x66, 0x29, 0xe5, 0x18, 0x2d, 0x63, 0xff, 0xff,
    0xde, 0xff, 0xdb, 0xde, 0x38, 0xc6, 0xff, 0xff, 0xff, 0xff, 0x79, 0xce, 0x0c, 0x2a, 0x73, 0x4b,
    0x38, 0x64, 0x18, 0x5c, 0x38, 0x64, 0x79, 0x64, 0x59, 0x64, 0x59, 0x64, 0x59, 0x64, 0x38, 0x5c,
    0x79, 0x64, 0xd6, 0x53, 0x53, 0x84, 0xff, 0xff, 0xdf, 0xff, 0xde, 0xff, 0xff, 0xff, 0x9d, 0xf7,
    0x8a, 0x52, 0xeb, 0x62, 0x2e, 0x9c, 0x2a, 0x73, 0x6c, 0x63, 0x4f, 0x84, 0xf7, 0xbd, 0x34, 0xa5,
    0x91, 0x94, 0x4c, 0x6b, 0xaa, 0x52, 0x51, 0x8c, 0x9e, 0xf7, 0xff, 0xff, 0xfc, 0xe6, 0x7a, 0xd6,
    0xff, 0xff, 0xdf, 0xff, 0xdf, 0xff, 0xdf, 0xff, 0xdf, 0xff, 0xff, 0xff, 0xba, 0xde, 0x34, 0xa5,
    0xfc, 0xe6, 0xff, 0xff, 0x1c, 0xe7, 0x46, 0x29, 0x26, 0x21, 0x46, 0x21, 0x46, 0x29, 0xe4, 0x10,
    0x4e, 0x63, 0x83, 0x08, 0x83, 0x08, 0x83, 0x08, 0x83, 0x08, 0x83, 0x08, 0x83, 0x08, 0x83, 0x08,
    0x83, 0x08, 0x83, 0x08, 0x83, 0x08, 0x83, 0x08, 0x83, 0x08, 0x83, 0x08, 0x83, 0x08, 0x83, 0x08,
    0x83, 0x08, 0x83, 0x08, 0x83, 0x08, 0x83, 0x08, 0x83, 0x08, 0x83, 0x08, 0x83, 0x08, 0x83, 0x08,
    0x83, 0x08, 0x83, 0x08, 0x83, 0x08, 0x83, 0x08, 0x83, 0x08, 0x83, 0x08, 0x83, 0x08, 0x83, 0x08,
    0x83, 0x08, 0x83, 0x08, 0x83, 0x08, 0x83, 0x08, 0x83, 0x08, 0x83, 0x08, 0x83, 0x08, 0x83, 0x08,
    0x83, 0x08, 0x83, 0x08, 0x83, 0x08, 0x83, 0x08, 0x83, 0x08, 0x83, 0x08, 0x83, 0x08, 0x83, 0x08,
    0xf8, 0xbd, 0x2a, 0x4a, 0x2f, 0x6b, 0x0e, 0x6b, 0xa9, 0x39, 0x26, 0x21, 0x46, 0x21, 0x26, 0x21,
    0x46, 0x29, 0xe9, 0x41, 0x26, 0x21, 0x46, 0x21, 0x46, 0x21, 0x46, 0x21, 0x46, 0x21, 0x59, 0xce,
    0x9e, 0xf7, 0x1c, 0xe7, 0x95, 0xb5, 0xdf, 0xff, 0xdf, 0xff, 0xff, 0xff, 0x31, 0x7c, 0xd1, 0x3a,
    0x18, 0x5c, 0x59, 0x64, 0x18, 0x5c, 0xaf, 0x42, 0x73, 0x53, 0x38, 0x64, 0x38, 0x5c, 0x38, 0x5c,
    0x79, 0x64, 0x31, 0x43, 0x97, 0xad, 0x7a, 0xce, 0xdf, 0xff, 0xdf, 0xff, 0xff, 0xff, 0x5d, 0xef,
    0x65, 0x29, 0x24, 0x21, 0xf0, 0x7b, 0x0d, 0x94, 0xee, 0x83, 0x55, 0xad, 0x2c, 0x63, 0x85, 0x31,
    0xef, 0x7b, 0x71, 0x8c, 0x5c, 0xef, 0xff, 0xff, 0xdf, 0xff, 0xff, 0xff, 0x38, 0xc6, 0x5c, 0xef,
    0xff, 0xff, 0xdf, 0xff, 0xdf, 0xff, 0xdf, 0xff, 0xbe, 0xff, 0xff, 0xff, 0x75, 0xb5, 0x55, 0xad,
    0x9d, 0xf7, 0xff, 0xff, 0xf7, 0xc5, 0xe4, 0x18, 0x46, 0x21, 0x46, 0x21, 0x26, 0x21, 0x87, 0x29,
    0xfb, 0xde, 0x83, 0x08, 0x83, 0x08, 0x83, 0x08, 0x83, 0x08, 0x83, 0x08, 0x83, 0x08, 0x83, 0x08,
    0x83, 0x08, 0x83, 0x08, 0x83, 0x08, 0x83, 0x08, 0x83, 0x08, 0x83, 0x08, 0x83, 0x08, 0x83, 0x08,
    0x83, 0x08, 0x83, 0x08, 0x83, 0x08, 0x83, 0x08, 0x83, 0x08, 0x83, 0x08, 0x83, 0x08, 0x83, 0x08,
    0x83, 0x08, 0x83, 0x08, 0x83, 0x08, 0x83, 0x08, 0x83, 0x08, 0x83, 0x08, 0x83, 0x08, 0x83, 0x08,
    0x83, 0x08, 0x83, 0x08, 0x83, 0x08, 0x83, 0x08, 0x83, 0x08, 0x83, 0x08, 0x83, 0x08, 0x83, 0x08,
    0x83, 0x08, 0x83, 0x08, 0x83, 0x08, 0x83, 0x08, 0x83, 0x08, 0x83, 0x08, 0x83, 0x08, 0x83, 0x08,
    0x1c, 0xe7, 0x6f, 0x73, 0xee, 0x6a, 0x8c, 0x5a, 0x26, 0x21, 0x46, 0x21, 0x46, 0x21, 0x05, 0x21,
    0x4a, 0x4a, 0xc8, 0x39, 0x26, 0x21, 0x46, 0x21, 0x46, 0x21, 0x46, 0x21, 0x25, 0x21, 0x66, 0x29,
    0x87, 0x31, 0x75, 0xad, 0x79, 0xce, 0xdb, 0xde, 0xff, 0xff, 0xdf, 0xff, 0xff, 0xff, 0x96, 0xb5,
    0xb1, 0x63, 0x52, 0x53, 0x0f, 0x53, 0x04, 0x21, 0x0c, 0x32, 0x9a, 0x6c, 0x58, 0x64, 0x79, 0x64,
    0x18, 0x5c, 0x2f, 0x5b, 0x9f, 0xf7, 0x7a, 0xce, 0x99, 0xd6, 0xff, 0xff, 0xbe, 0xff, 0xff, 0xff,
    0x17, 0xc6, 0xeb, 0x5a, 0x88, 0x62, 0x4d, 0xac, 0x4c, 0x6b, 0x4c, 0x63, 0xe7, 0x39, 0x75, 0xad,
    0x6d, 0x73, 0x75, 0xad, 0xff, 0xff, 0xbe, 0xf7, 0xff, 0xff, 0x7d, 0xef, 0x18, 0xc6, 0xff, 0xff,
    0xbf, 0xff, 0xdf, 0xff, 0xdf, 0xff, 0xdf, 0xff, 0xff, 0xff, 0x9e, 0xf7, 0x34, 0xad, 0xdb, 0xde,
    0x51, 0x8c, 0x14, 0xa5, 0x0c, 0x63, 0xc4, 0x18, 0x46, 0x21, 0x46, 0x29, 0xc4, 0x10, 0x55, 0xa5,
    0x83, 0x08, 0x83, 0x08, 0x83, 0x08, 0x83, 0x08, 0x83, 0x08, 0x83, 0x08, 0x83, 0x08, 0x83, 0x08,
    0x83, 0x08, 0x83, 0x08, 0x83, 0x08, 0x83, 0x08, 0x83, 0x08, 0x83, 0x08, 0x83, 0x08, 0x83, 0x08,
    0x83, 0x08, 0x83, 0x08, 0x83, 0x08, 0x83, 0x08, 0x83, 0x08, 0x83, 0x08, 0x83, 0x08, 0x83, 0x08,
    0x83, 0x08, 0x83, 0x08, 0x83, 0x08, 0x83, 0x08, 0x83, 0x08, 0x83, 0x08, 0x83, 0x08, 0x83, 0x08,
    0x83, 0x08, 0x83, 0x08, 0x83, 0x08, 0x83, 0x08, 0x83, 0x08, 0x83, 0x08, 0x83, 0x08, 0x83, 0x08,
    0x83, 0x08, 0x83, 0x08, 0x83, 0x08, 0x83, 0x08, 0x83, 0x08, 0x83, 0x08, 0x83, 0x08, 0x83, 0x08,
    0x83, 0x08, 0x7a, 0xce, 0xcd, 0x62, 0xc9, 0x39, 0x26, 0x21, 0x46, 0x29, 0x26, 0x21, 0xc9, 0x39,
    0xcd, 0x62, 0x26, 0x21, 0x46, 0x21, 0x46, 0x21, 0x46, 0x21, 0x46, 0x21, 0x46, 0x21, 0x46, 0x29,
    0x42, 0x08, 0x75, 0xad, 0xfb, 0xde, 0xd3, 0x9c, 0xff, 0xff, 0xdf, 0xff, 0xdf, 0xff, 0xff, 0xff,
    0xfe, 0xff, 0xda, 0xde, 0x7d, 0xf7, 0x75, 0xad, 0x6d, 0x3a, 0x73, 0x53, 0x95, 0x53, 0xd6, 0x5b,
    0xaf, 0x3a, 0x76, 0xad, 0xff, 0xff, 0xff, 0xff, 0xb6, 0xb5, 0x5d, 0xef, 0xff, 0xff, 0xde, 0xff,
    0xff, 0xff, 0xff, 0xff, 0x11, 0xad, 0xe8, 0x7a, 0xf3, 0x9c, 0x38, 0xc6, 0x8d, 0x73, 0x92, 0x94,
    0x10, 0x84, 0x5d, 0xef, 0xdf, 0xff, 0xde, 0xff, 0xff, 0xff, 0x18, 0xc6, 0x5d, 0xef, 0xff, 0xff,
    0xdf, 0xff, 0xdf, 0xff, 0xdf, 0xff, 0xde, 0xff, 0xff, 0xff, 0x18, 0xc6, 0xdb, 0xde, 0x79, 0xce,
    0xe4, 0x18, 0xc4, 0x10, 0x25, 0x21, 0x46, 0x21, 0x46, 0x29, 0xc4, 0x10, 0x8f, 0x73, 0x83, 0x08,
    0x83, 0x08, 0x83, 0x08, 0x83, 0x08, 0x83, 0x08, 0x83, 0x08, 0x83, 0x08, 0x83, 0x08, 0x83, 0x08,
    0x83, 0x08, 0x83, 0x08, 0x83, 0x08, 0x83, 0x08, 0x83, 0x08, 0x83, 0x08, 0x83, 0x08, 0x83, 0x08,
    0x83, 0x08, 0x83, 0x08, 0x83, 0x08, 0x83, 0x08, 0x83, 0x08, 0x83, 0x08, 0x83, 0x08, 0x83, 0x08,
    0x83, 0x08, 0x83, 0x08, 0x83, 0x08, 0x83, 0x08, 0x83, 0x08, 0x83, 0x08, 0x83, 0x08, 0x83, 0x08,
    0x83, 0x08, 0x83, 0x08, 0x83, 0x08, 0x83, 0x08, 0x83, 0x08, 0x83, 0x08, 0x83, 0x08, 0x83, 0x08,
    0x83, 0x08, 0x83, 0x08, 0x83, 0x08, 0x83, 0x08, 0x83, 0x08, 0x83, 0x08, 0x83, 0x08, 0x83, 0x08,
    0x83, 0x08, 0x83, 0x08, 0x15, 0xa5, 0xc5, 0x18, 0x47, 0x29, 0x46, 0x21, 0x46, 0x29, 0xee, 0x6a,
    0x0a, 0x4a, 0x05, 0x19, 0x46, 0x21, 0x46, 0x21, 0x46, 0x21, 0x46, 0x21, 0x46, 0x29, 0x05, 0x21,
    0x69, 0x4a, 0x9a, 0xd6, 0x3c, 0xe7, 0xb6, 0xb5, 0xbb, 0xde, 0xff, 0xff, 0xdf, 0xff, 0xde, 0xff,
    0xdf, 0xff, 0xff, 0xff, 0xff, 0xff, 0x5c, 0xef, 0x15, 0xa5, 0x77, 0xa5, 0x32, 0x84, 0x11, 0x7c,
    0x56, 0xa5, 0x9f, 0xf7, 0xdf, 0xff, 0xff, 0xff, 0x9e, 0xf7, 0xf7, 0xbd, 0x9e, 0xf7, 0xdf, 0xff,
    0xbe, 0xff, 0xff, 0xff, 0x58, 0xce, 0x8a, 0x8b, 0xac, 0x8b, 0x2c, 0x63, 0x8a, 0x52, 0x71, 0x8c,
    0x9e, 0xf7, 0xff, 0xff, 0xde, 0xff, 0xff, 0xff, 0x1c, 0xe7, 0x7a, 0xd6, 0xff, 0xff, 0xdf, 0xff,
    0xdf, 0xff, 0xdf, 0xff, 0xdf, 0xff, 0xff, 0xff, 0x9d, 0xf7, 0xf3, 0x9c, 0x7d, 0xef, 0x35, 0xa5,
    0xc4, 0x18, 0x66, 0x29, 0x46, 0x21, 0x46, 0x29, 0xe5, 0x18, 0x4a, 0x4a, 0x83, 0x08, 0x83, 0x08,
    0x83, 0x08, 0x83, 0x08, 0x83, 0x08, 0x83, 0x08, 0x83, 0x08, 0x83, 0x08, 0x83, 0x08, 0x83, 0x08,
    0x83, 0x08, 0x83, 0x08, 0x83, 0x08, 0x83, 0x08, 0x83, 0x08, 0x83, 0x08, 0x83, 0x08, 0x83, 0x08,
    0x83, 0x08, 0x83, 0x08, 0x83, 0x08, 0x83, 0x08, 0x83, 0x08, 0x83, 0x08, 0x83, 0x08, 0x83, 0x08,
    0x83, 0x08, 0x83, 0x08, 0x83, 0x08, 0x83, 0x08, 0x83, 0x08, 0x83, 0x08, 0x83, 0x08, 0x83, 0x08,
    0x83, 0x08, 0x83, 0x08, 0x83, 0x08, 0x83, 0x08, 0x83, 0x08, 0x83, 0x08, 0x83, 0x08, 0x83, 0x08,
    0x83, 0x08, 0x83, 0x08, 0x83, 0x08, 0x83, 0x08, 0x83, 0x08, 0x83, 0x08, 0x83, 0x08, 0x83, 0x08,
    0x83, 0x08, 0x83, 0x08, 0x83, 0x08, 0x2e, 0x63, 0xc5, 0x18, 0x46, 0x21, 0x2a, 0x4a, 0x0e, 0x6b,
    0x67, 0x29, 0x26, 0x21, 0x46, 0x21, 0x46, 0x21, 0x46, 0x21, 0x46, 0x21, 0x67, 0x29, 0xc4, 0x10,
    0x30, 0x84, 0xff, 0xff, 0xff, 0xff, 0xde, 0xff, 0x96, 0xb5, 0xff, 0xff, 0xdf, 0xff, 0xdf, 0xff,
    0xdf, 0xff, 0xdf, 0xff, 0xdf, 0xff, 0xdf, 0xff, 0x96, 0xad, 0x3e, 0xe7, 0x5f, 0xef, 0x5e, 0xe7,
    0xbf, 0xf7, 0xdf, 0xff, 0xdf, 0xff, 0xdf, 0xff, 0xff, 0xff, 0x9d, 0xf7, 0x1c, 0xe7, 0xff, 0xff,
    0xdf, 0xff, 0xdf, 0xff, 0xbe, 0xf7, 0xed, 0x93, 0x0e, 0xc5, 0xcb, 0x8b, 0x58, 0xce, 0xff, 0xff,
    0xdf, 0xff, 0xdf, 0xff, 0xff, 0xff, 0x9e, 0xf7, 0x1c, 0xe7, 0xdf, 0xff, 0xdf, 0xff, 0xdf, 0xff,
    0xdf, 0xff, 0xdf, 0xff, 0xde, 0xff, 0xff, 0xff, 0x96, 0xb5, 0xba, 0xd6, 0x38, 0xc6, 0x9a, 0xd6,
    0xba, 0xd6, 0x86, 0x31, 0x26, 0x21, 0x05, 0x21, 0x87, 0x29, 0xdb, 0xde, 0x83, 0x08, 0x83, 0x08,
    0x83, 0x08, 0x83, 0x08, 0x83, 0x08, 0x83, 0x08, 0x83, 0x08, 0x83, 0x08, 0x83, 0x08, 0x83, 0x08,
    0x83, 0x08, 0x83, 0x08, 0x83, 0x08, 0x83, 0x08, 0x83, 0x08, 0x83, 0x08, 0x83, 0x08, 0x83, 0x08,
    0x83, 0x08, 0x83, 0x08, 0x83, 0x08, 0x83, 0x08, 0x83, 0x08, 0x83, 0x08, 0x83, 0x08, 0x83, 0x08,
    0x83, 0x08, 0x83, 0x08, 0x83, 0x08, 0x83, 0x08, 0x83, 0x08, 0x83, 0x08, 0x83, 0x08, 0x83, 0x08,
    0x83, 0x08, 0x83, 0x08, 0x83, 0x08, 0x83, 0x08, 0x83, 0x08, 0x83, 0x08, 0x83, 0x08, 0x83, 0x08,
    0x83, 0x08, 0x83, 0x08, 0x83, 0x08, 0x83, 0x08, 0x83, 0x08, 0x83, 0x08, 0x83, 0x08, 0x83, 0x08,
    0x83, 0x08, 0x83, 0x08, 0x83, 0x08, 0x83, 0x08, 0x4a, 0x4a, 0x25, 0x21, 0x2e, 0x73, 0x8c, 0x5a,
    0x26, 0x21, 0x46, 0x21, 0x46, 0x21, 0x46, 0x21, 0x46, 0x21, 0x46, 0x21, 0x46, 0x21, 0x26, 0x21,
    0x87, 0x31, 0x5d, 0xef, 0xfb, 0xe6, 0x96, 0xb5, 0x92, 0x94, 0xf7, 0xc5, 0xff, 0xff, 0xdf, 0xff,
    0xdf, 0xff, 0xdf, 0xff, 0xde, 0xff, 0xff, 0xff, 0x79, 0xce, 0xb8, 0xb5, 0x3e, 0xe7, 0x7e, 0xef,
    0xdf, 0xff, 0xdf, 0xff, 0xdf, 0xff, 0xdf, 0xff, 0xdf, 0xff, 0xff, 0xff, 0xff, 0xff, 0xdf, 0xff,
    0xdf, 0xff, 0xbe, 0xff, 0xff, 0xff, 0x33, 0xb5, 0x4c, 0xac, 0x30, 0xcd, 0x13, 0xad, 0xff, 0xff,
    0xde, 0xff, 0xdf, 0xff, 0xbe, 0xff, 0x7e, 0xef, 0xdf, 0xff, 0xdf, 0xff, 0xdf, 0xff, 0xdf, 0xff,
    0xdf, 0xff, 0xbe, 0xff, 0xff, 0xff, 0x9a, 0xd6, 0x14, 0xa5, 0x1c, 0xe7, 0xff, 0xff, 0xff, 0xff,
    0x18, 0xc6, 0x05, 0x21, 0x26, 0x21, 0x05, 0x21, 0x38, 0xc6, 0x83, 0x08, 0x83, 0x08, 0x83, 0x08,
    0x83, 0x08, 0x83, 0x08, 0x83, 0x08, 0x83, 0x08, 0x83, 0x08, 0x83, 0x08, 0x83, 0x08, 0x83, 0x08,
    0x83, 0x08, 0x83, 0x08, 0x83, 0x08, 0x83, 0x08, 0x83, 0x08, 0x83, 0x08, 0x83, 0x08, 0x83, 0x08,
    0x83, 0x08, 0x83, 0x08, 0x83, 0x08, 0x83, 0x08, 0x83, 0x08, 0x83, 0x08, 0x83, 0x08, 0x83, 0x08,
    0x83, 0x08, 0x83, 0x08, 0x83, 0x08, 0x83, 0x08, 0x83, 0x08, 0x83, 0x08, 0x83, 0x08, 0x83, 0x08,
    0x83, 0x08, 0x83, 0x08, 0x83, 0x08, 0x83, 0x08, 0x83, 0x08, 0x83, 0x08, 0x83, 0x08, 0x83, 0x08,
    0x83, 0x08, 0x83, 0x08, 0x83, 0x08, 0x83, 0x08, 0x83, 0x08, 0x83, 0x08, 0x83, 0x08, 0x83, 0x08,
    0x83, 0x08, 0x83, 0x08, 0x83, 0x08, 0x83, 0x08, 0xfb, 0xe6, 0xed, 0x62, 0xee, 0x6a, 0x0a, 0x42,
    0x25, 0x21, 0x46, 0x21, 0x46, 0x21, 0x46, 0x21, 0x46, 0x21, 0x46, 0x21, 0x46, 0x21, 0x46, 0x29,
    0x05, 0x19, 0x49, 0x42, 0x66, 0x29, 0x51, 0x8c, 0xff, 0xff, 0x55, 0xad, 0x1c, 0xe7, 0xff, 0xff,
    0xde, 0xff, 0xdf, 0xff, 0xdf, 0xff, 0xdf, 0xff, 0xdf, 0xff, 0x35, 0xa5, 0xdd, 0xd6, 0x9e, 0xf7,
    0xdf, 0xff, 0xdf, 0xff, 0xdf, 0xff, 0xdf, 0xff, 0xdf, 0xff, 0xdf, 0xff, 0xdf, 0xff, 0xdf, 0xff,
    0xdf, 0xff, 0xdf, 0xff, 0xff, 0xff, 0xfb, 0xe6, 0xcb, 0x93, 0x6a, 0x83, 0xcc, 0x83, 0xd5, 0xbd,
    0xff, 0xff, 0xde, 0xff, 0x9e, 0xf7, 0xdf, 0xff, 0xdf, 0xff, 0xdf, 0xff, 0xdf, 0xff, 0xdf, 0xff,
    0xde, 0xff, 0xff, 0xff, 0x3c, 0xe7, 0x34, 0xad, 0x5d, 0xef, 0xf8, 0xbd, 0x8a, 0x52, 0x76, 0xad,
    0x29, 0x42, 0xe5, 0x18, 0x05, 0x21, 0x96, 0xb5, 0x83, 0x08, 0x83, 0x08, 0x83, 0x08, 0x83, 0x08,
    0x83, 0x08, 0x83, 0x08, 0x83, 0x08, 0x83, 0x08, 0x83, 0x08, 0x83, 0x08, 0x83, 0x08, 0x83, 0x08,
    0x83, 0x08, 0x83, 0x08, 0x83, 0x08, 0x83, 0x08, 0x83, 0x08, 0x83, 0x08, 0x83, 0x08, 0x83, 0x08,
    0x83, 0x08, 0x83, 0x08, 0x83, 0x08, 0x83, 0x08, 0x83, 0x08, 0x83, 0x08, 0x83, 0x08, 0x83, 0x08,
    0x83, 0x08, 0x83, 0x08, 0x83, 0x08, 0x83, 0x08, 0x83, 0x08, 0x83, 0x08, 0x83, 0x08, 0x83, 0x08,
    0x83, 0x08, 0x83, 0x08, 0x83, 0x08, 0x83, 0x08, 0x83, 0x08, 0x83, 0x08, 0x83, 0x08, 0x83, 0x08,
    0x83, 0x08, 0x83, 0x08, 0x83, 0x08, 0x83, 0x08, 0x83, 0x08, 0x83, 0x08, 0x83, 0x08, 0x83, 0x08,
    0x83, 0x08, 0x83, 0x08, 0x83, 0x08, 0x83, 0x08, 0x83, 0x08, 0x83, 0x08, 0x6f, 0x7b, 0x46, 0x29,
    0x46, 0x21, 0x46, 0x21, 0x46, 0x21, 0x46, 0x21, 0x46, 0x21, 0x46, 0x21, 0x46, 0x21, 0x46, 0x21,
    0x46, 0x29, 0x05, 0x19, 0x26, 0x21, 0xc4, 0x10, 0xb2, 0x94, 0xdf, 0xff, 0x96, 0xb5, 0x9e, 0xf7,
    0xdf, 0xff, 0xdf, 0xff, 0xdf, 0xff, 0xde, 0xff, 0xff, 0xff, 0xba, 0xde, 0x56, 0xa5, 0x9f, 0xf7,
    0xdf, 0xff, 0xdf, 0xff, 0xdf, 0xff, 0xdf, 0xff, 0xdf, 0xff, 0xdf, 0xff, 0xdf, 0xff, 0xdf, 0xff,
    0xdf, 0xff, 0xdf, 0xff, 0xde, 0xff, 0xff, 0xff, 0xed, 0x83, 0x05, 0x4a, 0x71, 0xbd, 0x2f, 0xb5,
    0x1c, 0xe7, 0xdf, 0xff, 0xde, 0xff, 0xdf, 0xff, 0xdf, 0xff, 0xdf, 0xff, 0xdf, 0xff, 0xde, 0xff,
    0xff, 0xff, 0x7d, 0xef, 0xd2, 0x9c, 0x1c, 0xe7, 0xff, 0xff, 0x10, 0x84, 0x83, 0x10, 0x04, 0x21,
    0x05, 0x21, 0x05, 0x21, 0x76, 0xad, 0x83, 0x08, 0x83, 0x08, 0x83, 0x08, 0x83, 0x08, 0x83, 0x08,
    0x83, 0x08, 0x83, 0x08, 0x83, 0x08, 0x83, 0x08, 0x83, 0x08, 0x83, 0x08, 0x83, 0x08, 0x83, 0x08,
    0x83, 0x08, 0x83, 0x08, 0x83, 0x08, 0x83, 0x08, 0x83, 0x08, 0x83, 0x08, 0x83, 0x08, 0x83, 0x08,
    0x83, 0x08, 0x83, 0x08, 0x83, 0x08, 0x83, 0x08, 0x83, 0x08, 0x83, 0x08, 0x83, 0x08, 0x83, 0x08,
    0x83, 0x08, 0x83, 0x08, 0x83, 0x08, 0x83, 0x08, 0x83, 0x08, 0x83, 0x08, 0x83, 0x08, 0x83, 0x08,
    0x83, 0x08, 0x83, 0x08, 0x83, 0x08, 0x83, 0x08, 0x83, 0x08, 0x83, 0x08, 0x83, 0x08, 0x83, 0x08,
    0x83, 0x08, 0x83, 0x08, 0x83, 0x08, 0x83, 0x08, 0x83, 0x08, 0x83, 0x08, 0x83, 0x08, 0x83, 0x08,
    0x83, 0x08, 0x83, 0x08, 0x83, 0x08, 0x83, 0x08, 0x83, 0x08, 0x83, 0x08, 0x83, 0x08, 0x4a, 0x4a,
    0xc4, 0x10, 0x67, 0x29, 0x46, 0x21, 0x46, 0x21, 0x46, 0x21, 0x46, 0x21, 0x46, 0x21, 0x46, 0x21,
    0x46, 0x21, 0x46, 0x21, 0x67, 0x29, 0xa4, 0x10, 0xec, 0x62, 0xdf, 0xff, 0x14, 0xa5, 0x55, 0xad,
    0xff, 0xff, 0xdf, 0xff, 0xdf, 0xff, 0xdf, 0xff, 0xde, 0xff, 0xff, 0xff, 0xd7, 0xbd, 0x19, 0xbe,
    0xdf, 0xff, 0xdf, 0xff, 0xdf, 0xff, 0xdf, 0xff, 0xdf, 0xff, 0xdf, 0xff, 0xdf, 0xff, 0xdf, 0xff,
    0xdf, 0xff, 0xdf, 0xff, 0xbe, 0xff, 0xff, 0xff, 0x34, 0xa5, 0xe8, 0x93, 0x33, 0xde, 0x11, 0xd6,
    0xf7, 0xc5, 0xff, 0xff, 0xff, 0xff, 0xdf, 0xff, 0xdf, 0xff, 0xdf, 0xff, 0xbe, 0xff, 0xff, 0xff,
    0x3c, 0xef, 0x13, 0xa5, 0x1c, 0xe7, 0xd7, 0xbd, 0xf3, 0xa4, 0x45, 0x29, 0x46, 0x29, 0x26, 0x21,
    0x26, 0x21, 0xb7, 0xb5, 0x83, 0x08, 0x83, 0x08, 0x83, 0x08, 0x83, 0x08, 0x83, 0x08, 0x83, 0x08,
    0x83, 0x08, 0x83, 0x08, 0x83, 0x08, 0x83, 0x08, 0x83, 0x08, 0x83, 0x08, 0x83, 0x08, 0x83, 0x08,
    0x83, 0x08, 0x83, 0x08, 0x83, 0x08, 0x83, 0x08, 0x83, 0x08, 0x83, 0x08, 0x83, 0x08, 0x83, 0x08,
    0x83, 0x08, 0x83, 0x08, 0x83, 0x08, 0x83, 0x08, 0x83, 0x08, 0x83, 0x08, 0x83, 0x08, 0x83, 0x08,
    0x83, 0x08, 0x83, 0x08, 0x83, 0x08, 0x83, 0x08, 0x83, 0x08, 0x83, 0x08, 0x83, 0x08, 0x83, 0x08,
    0x83, 0x08, 0x83, 0x08, 0x83, 0x08, 0x83, 0x08, 0x83, 0x08, 0x83, 0x08, 0x83, 0x08, 0x83, 0x08,
    0x83, 0x08, 0x83, 0x08, 0x83, 0x08, 0x83, 0x08, 0x83, 0x08, 0x83, 0x08, 0x83, 0x08, 0x83, 0x08,
    0x83, 0x08, 0x83, 0x08, 0x83, 0x08, 0x83, 0x08, 0x83, 0x08, 0x83, 0x08, 0x83, 0x08, 0x83, 0x08,
    0xcc, 0x5a, 0xc4, 0x10, 0x46, 0x21, 0x46, 0x21, 0x46, 0x21, 0x46, 0x21, 0x46, 0x21, 0x46, 0x21,
    0x46, 0x21, 0x46, 0x29, 0x05, 0x21, 0x09, 0x42, 0xbe, 0xf7, 0x1c, 0xe7, 0x9e, 0xf7, 0x59, 0xce,
    0xd3, 0x9c, 0xdf, 0xff, 0xff, 0xff, 0xbe, 0xff, 0xdf, 0xff, 0xdf, 0xff, 0xdf, 0xff, 0x35, 0xa5,
    0xdc, 0xde, 0xff, 0xff, 0xdf, 0xff, 0xdf, 0xff, 0xdf, 0xff, 0xdf, 0xff, 0xdf, 0xff, 0xdf, 0xff,
    0xdf, 0xff, 0xdf, 0xff, 0xdf, 0xff, 0xff, 0xff, 0x5e, 0xef, 0xea, 0x8b, 0x8c, 0xac, 0x2c, 0x9c,
    0x6b, 0x73, 0xd5, 0xc5, 0xdb, 0xde, 0xff, 0xff, 0xbe, 0xf7, 0xff, 0xff, 0xff, 0xff, 0xdb, 0xde,
    0xd3, 0x9c, 0xd7, 0xbd, 0x5d, 0xef, 0xff, 0xff, 0xff, 0xff, 0xaf, 0x73, 0x83, 0x08, 0x87, 0x31,
    0x38, 0xc6, 0x83, 0x08, 0x83, 0x08, 0x83, 0x08, 0x83, 0x08, 0x83, 0x08, 0x83, 0x08, 0x83, 0x08,
    0x83, 0x08, 0x83, 0x08, 0x83, 0x08, 0x83, 0x08, 0x83, 0x08, 0x83, 0x08, 0x83, 0x08, 0x83, 0x08,
    0x83, 0x08, 0x83, 0x08, 0x83, 0x08, 0x83, 0x08, 0x83, 0x08, 0x83, 0x08, 0x83, 0x08, 0x83, 0x08,
    0x83, 0x08, 0x83, 0x08, 0x83, 0x08, 0x83, 0x08, 0x83, 0x08, 0x83, 0x08, 0x83, 0x08, 0x83, 0x08,
    0x83, 0x08, 0x83, 0x08, 0x83, 0x08, 0x83, 0x08, 0x83, 0x08, 0x83, 0x08, 0x83, 0x08, 0x83, 0x08,
    0x83, 0x08, 0x83, 0x08, 0x83, 0x08, 0x83, 0x08, 0x83, 0x08, 0x83, 0x08, 0x83, 0x08, 0x83, 0x08,
    0x83, 0x08, 0x83, 0x08, 0x83, 0x08, 0x83, 0x08, 0x83, 0x08, 0x83, 0x08, 0x83, 0x08, 0x83, 0x08,
    0x83, 0x08, 0x83, 0x08, 0x83, 0x08, 0x83, 0x08, 0x83, 0x08, 0x83, 0x08, 0x83, 0x08, 0x83, 0x08,
    0x83, 0x08, 0xf0, 0x7b, 0xc4, 0x10, 0x26, 0x21, 0x66, 0x29, 0x46, 0x21, 0x46, 0x21, 0x46, 0x21,
    0x46, 0x21, 0x46, 0x21, 0x26, 0x21, 0x87, 0x29, 0xba, 0xd6, 0xff, 0xff, 0xd7, 0xbd, 0xf8, 0xc5,
    0xdb, 0xde, 0x75, 0xb5, 0x5d, 0xef, 0xff, 0xff, 0xdf, 0xff, 0xbe, 0xff, 0xff, 0xff, 0x7d, 0xf7,
    0x55, 0xad, 0x5d, 0xef, 0xff, 0xff, 0xdf, 0xff, 0xdf, 0xff, 0xdf, 0xff, 0xdf, 0xff, 0xdf, 0xff,
    0xdf, 0xff, 0xdf, 0xff, 0xdf, 0xff, 0x9d, 0xf7, 0xd6, 0xbd, 0x08, 0x6b, 0x89, 0x8b, 0x2f, 0xcd,
    0xe8, 0x6a, 0xc9, 0x8b, 0xaa, 0x83, 0x8e, 0x9c, 0x4d, 0x94, 0x78, 0xce, 0x18, 0xc6, 0xd3, 0x9c,
    0xdf, 0xff, 0xff, 0xff, 0x92, 0x94, 0x99, 0xd6, 0x17, 0xc6, 0x83, 0x08, 0x4a, 0x4a, 0xfb, 0xde,
    0x83, 0x08, 0x83, 0x08, 0x83, 0x08, 0x83, 0x08, 0x83, 0x08, 0x83, 0x08, 0x83, 0x08, 0x83, 0x08,
    0x83, 0x08, 0x83, 0x08, 0x83, 0x08, 0x83, 0x08, 0x83, 0x08, 0x83, 0x08, 0x83, 0x08, 0x83, 0x08,
    0x83, 0x08, 0x83, 0x08, 0x83, 0x08, 0x83, 0x08, 0x83, 0x08, 0x83, 0x08, 0x83, 0x08, 0x83, 0x08,
    0x83, 0x08, 0x83, 0x08, 0x83, 0x08, 0x83, 0x08, 0x83, 0x08, 0x83, 0x08, 0x83, 0x08, 0x83, 0x08,
    0x83, 0x08, 0x83, 0x08, 0x83, 0x08, 0x83, 0x08, 0x83, 0x08, 0x83, 0x08, 0x83, 0x08, 0x83, 0x08,
    0x83, 0x08, 0x83, 0x08, 0x83, 0x08, 0x83, 0x08, 0x83, 0x08, 0x83, 0x08, 0x83, 0x08, 0x83, 0x08,
    0x83, 0x08, 0x83, 0x08, 0x83, 0x08, 0x83, 0x08, 0x83, 0x08, 0x83, 0x08, 0x83, 0x08, 0x83, 0x08,
    0x83, 0x08, 0x83, 0x08, 0x83, 0x08, 0x83, 0x08, 0x83, 0x08, 0x83, 0x08, 0x83, 0x08, 0x83, 0x08,
    0x83, 0x08, 0x83, 0x08, 0x55, 0xad, 0x66, 0x29, 0xe5, 0x18, 0x67, 0x29, 0x46, 0x21, 0x46, 0x21,
    0x46, 0x21, 0x46, 0x21, 0x46, 0x29, 0xe5, 0x18, 0x08, 0x3a, 0x30, 0x84, 0xe4, 0x18, 0xcb, 0x5a,
    0x7d, 0xef, 0x7d, 0xf7, 0x55, 0xad, 0x18, 0xc6, 0xff, 0xff, 0xff, 0xff, 0xde, 0xff, 0xff, 0xff,
    0x7d, 0xef, 0xf8, 0xbd, 0x7d, 0xef, 0xff, 0xff, 0xdf, 0xff, 0xdf, 0xff, 0xdf, 0xff, 0xdf, 0xff,
    0xdf, 0xff, 0xbe, 0xff, 0xff, 0xff, 0x17, 0xc6, 0x8a, 0x83, 0x28, 0x73, 0xa7, 0x6a, 0xae, 0xb4,
    0xc9, 0x62, 0x54, 0xa5, 0xda, 0xde, 0xd5, 0xbd, 0x8e, 0x94, 0x4a, 0x73, 0xf8, 0xbd, 0x1c, 0xe7,
    0x1c, 0xe7, 0x92, 0x94, 0x66, 0x29, 0x86, 0x31, 0x04, 0x21, 0x6e, 0x6b, 0x83, 0x08, 0x83, 0x08,
    0x83, 0x08, 0x83, 0x08, 0x83, 0x08, 0x83, 0x08, 0x83, 0x08, 0x83, 0x08, 0x83, 0x08, 0x83, 0x08,
    0x83, 0x08, 0x83, 0x08, 0x83, 0x08, 0x83, 0x08, 0x83, 0x08, 0x83, 0x08, 0x83, 0x08, 0x83, 0x08,
    0x83, 0x08, 0x83, 0x08, 0x83, 0x08, 0x83, 0x08, 0x83, 0x08, 0x83, 0x08, 0x83, 0x08, 0x83, 0x08,
    0x83, 0x08, 0x83, 0x08, 0x83, 0x08, 0x83, 0x08, 0x83, 0x08, 0x83, 0x08, 0x83, 0x08, 0x83, 0x08,
    0x83, 0x08, 0x83, 0x08, 0x83, 0x08, 0x83, 0x08, 0x83, 0x08, 0x83, 0x08, 0x83, 0x08, 0x83, 0x08,
    0x83, 0x08, 0x83, 0x08, 0x83, 0x08, 0x83, 0x08, 0x83, 0x08, 0x83, 0x08, 0x83, 0x08, 0x83, 0x08,
    0x83, 0x08, 0x83, 0x08, 0x83, 0x08, 0x83, 0x08, 0x83, 0x08, 0x83, 0x08, 0x83, 0x08, 0x83, 0x08,
    0x83, 0x08, 0x83, 0x08, 0x83, 0x08, 0x83, 0x08, 0x83, 0x08, 0x83, 0x08, 0x83, 0x08, 0x83, 0x08,
    0x83, 0x08, 0x83, 0x08, 0x83, 0x08, 0xdb, 0xde, 0xec, 0x5a, 0xc4, 0x10, 0x26, 0x21, 0x66, 0x29,
    0x46, 0x21, 0x46, 0x21, 0x46, 0x21, 0x46, 0x29, 0x25, 0x21, 0xc4, 0x10, 0x26, 0x21, 0x25, 0x21,
    0xba, 0xd6, 0x9e, 0xf7, 0xb6, 0xb5, 0xb6, 0xb5, 0xb6, 0xbd, 0x59, 0xce, 0xdf, 0xff, 0xff, 0xff,
    0xff, 0xff, 0xbe, 0xff, 0x5d, 0xef, 0xdf, 0xff, 0xde, 0xff, 0xde, 0xff, 0xde, 0xff, 0xde, 0xff,
    0xbe, 0xff, 0xff, 0xff, 0x9e, 0xf7, 0xd0, 0xa4, 0xcb, 0x83, 0xb6, 0xbd, 0xeb, 0x62, 0x8a, 0x5a,
    0x68, 0x52, 0x18, 0xc6, 0x38, 0xc6, 0xf7, 0xbd, 0x51, 0x84, 0x8a, 0x7b, 0x6e, 0x9c, 0xdf, 0xff,
    0xd7, 0xbd, 0x82, 0x08, 0xc4, 0x10, 0x66, 0x29, 0x56, 0xad, 0x83, 0x08, 0x83, 0x08, 0x83, 0x08,
    0x83, 0x08, 0x83, 0x08, 0x83, 0x08, 0x83, 0x08, 0x83, 0x08, 0x83, 0x08, 0x83, 0x08, 0x83, 0x08,
    0x83, 0x08, 0x83, 0x08, 0x83, 0x08, 0x83, 0x08, 0x83, 0x08, 0x83, 0x08, 0x83, 0x08, 0x83, 0x08,
    0x83, 0x08, 0x83, 0x08, 0x83, 0x08, 0x83, 0x08, 0x83, 0x08, 0x83, 0x08, 0x83, 0x08, 0x83, 0x08,
    0x83, 0x08, 0x83, 0x08, 0x83, 0x08, 0x83, 0x08, 0x83, 0x08, 0x83, 0x08, 0x83, 0x08, 0x83, 0x08,
    0x83, 0x08, 0x83, 0x08, 0x83, 0x08, 0x83, 0x08, 0x83, 0x08, 0x83, 0x08, 0x83, 0x08, 0x83, 0x08,
    0x83, 0x08, 0x83, 0x08, 0x83, 0x08, 0x83, 0x08, 0x83, 0x08, 0x83, 0x08, 0x83, 0x08, 0x83, 0x08,
    0x83, 0x08, 0x83, 0x08, 0x83, 0x08, 0x83, 0x08, 0x83, 0x08, 0x83, 0x08, 0x83, 0x08, 0x83, 0x08,
    0x83, 0x08, 0x83, 0x08, 0x83, 0x08, 0x83, 0x08, 0x83, 0x08, 0x83, 0x08, 0x83, 0x08, 0x83, 0x08,
    0x83, 0x08, 0x83, 0x08, 0x83, 0x08, 0x83, 0x08, 0x83, 0x08, 0x14, 0xa5, 0x87, 0x31, 0xc4, 0x10,
    0x46, 0x21, 0x46, 0x29, 0x46, 0x21, 0x46, 0x21, 0x46, 0x21, 0x66, 0x29, 0x05, 0x19, 0x6a, 0x4a,
    0xff, 0xff, 0xff, 0xff, 0x5d, 0xef, 0xff, 0xff, 0x76, 0xb5, 0x96, 0xb5, 0xb6, 0xb5, 0xf7, 0xc5,
    0x1c, 0xe7, 0xff, 0xff, 0xff, 0xff, 0xff, 0xff, 0xff, 0xff, 0xff, 0xff, 0xff, 0xff, 0xff, 0xff,
    0xff, 0xff, 0x3c, 0xef, 0x4d, 0x94, 0xaf, 0xa4, 0xda, 0xde, 0xff, 0xff, 0x10, 0x8c, 0x45, 0x29,
    0xa6, 0x39, 0x89, 0x52, 0xb6, 0xb5, 0xd6, 0xbd, 0x6d, 0x9c, 0x6b, 0xac, 0x48, 0x7b, 0x96, 0xb5,
    0xd7, 0xbd, 0xe4, 0x18, 0x8e, 0x6b, 0x1c, 0xe7, 0x83, 0x08, 0x83, 0x08, 0x83, 0x08, 0x83, 0x08,
    0x83, 0x08, 0x83, 0x08, 0x83, 0x08, 0x83, 0x08, 0x83, 0x08, 0x83, 0x08, 0x83, 0x08, 0x83, 0x08,
    0x83, 0x08, 0x83, 0x08, 0x83, 0x08, 0x83, 0x08, 0x83, 0x08, 0x83, 0x08, 0x83, 0x08, 0x83, 0x08,
    0x83, 0x08, 0x83, 0x08, 0x83, 0x08, 0x83, 0x08, 0x83, 0x08, 0x83, 0x08, 0x83, 0x08, 0x83, 0x08,
    0x83, 0x08, 0x83, 0x08, 0x83, 0x08, 0x83, 0x08, 0x83, 0x08, 0x83, 0x08, 0x83, 0x08, 0x83, 0x08,
    0x83, 0x08, 0x83, 0x08, 0x83, 0x08, 0x83, 0x08, 0x83, 0x08, 0x83, 0x08, 0x83, 0x08, 0x83, 0x08,
    0x83, 0x08, 0x83, 0x08, 0x83, 0x08, 0x83, 0x08, 0x83, 0x08, 0x83, 0x08, 0x83, 0x08, 0x83, 0x08,
    0x83, 0x08, 0x83, 0x08, 0x83, 0x08, 0x83, 0x08, 0x83, 0x08, 0x83, 0x08, 0x83, 0x08, 0x83, 0x08,
    0x83, 0x08, 0x83, 0x08, 0x83, 0x08, 0x83, 0x08, 0x83, 0x08, 0x83, 0x08, 0x83, 0x08, 0x83, 0x08,
    0x83, 0x08, 0x83, 0x08, 0x83, 0x08, 0x83, 0x08, 0x83, 0x08, 0x83, 0x08, 0x1c, 0xe7, 0xd0, 0x73,
    0x26, 0x21, 0xc4, 0x18, 0x46, 0x21, 0x46, 0x29, 0x46, 0x21, 0x46, 0x21, 0x46, 0x29, 0x05, 0x19,
    0x6e, 0x73, 0x35, 0xa5, 0x86, 0x31, 0x8e, 0x73, 0x3c, 0xef, 0xff, 0xff, 0xf7, 0xc5, 0x1c, 0xe7,
    0x38, 0xce, 0xd3, 0x9c, 0x75, 0xb5, 0x18, 0xc6, 0x79, 0xd6, 0x79, 0xd6, 0x79, 0xd6, 0x18, 0xc6,
    0x38, 0xc6, 0x70, 0x94, 0x4c, 0x94, 0xbb, 0xd6, 0x19, 0xc6, 0x96, 0xb5, 0x8e, 0x73, 0xa8, 0x5a,
    0x0c, 0x8c, 0xef, 0xac, 0xcb, 0x83, 0x2d, 0x94, 0x11, 0xad, 0x94, 0xbd, 0x55, 0xad, 0x54, 0xad,
    0x6d, 0x6b, 0xb7, 0xb5, 0x83, 0x08, 0x83, 0x08, 0x83, 0x08, 0x83, 0x08, 0x83, 0x08, 0x83, 0x08,
    0x83, 0x08, 0x83, 0x08, 0x83, 0x08, 0x83, 0x08, 0x83, 0x08, 0x83, 0x08, 0x83, 0x08, 0x83, 0x08,
    0x83, 0x08, 0x83, 0x08, 0x83, 0x08, 0x83, 0x08, 0x83, 0x08, 0x83, 0x08, 0x83, 0x08, 0x83, 0x08,
    0x83, 0x08, 0x83, 0x08, 0x83, 0x08, 0x83, 0x08, 0x83, 0x08, 0x83, 0x08, 0x83, 0x08, 0x83, 0x08,
    0x83, 0x08, 0x83, 0x08, 0x83, 0x08, 0x83, 0x08, 0x83, 0x08, 0x83, 0x08, 0x83, 0x08, 0x83, 0x08,
    0x83, 0x08, 0x83, 0x08, 0x83, 0x08, 0x83, 0x08, 0x83, 0x08, 0x83, 0x08, 0x83, 0x08, 0x83, 0x08,
    0x83, 0x08, 0x83, 0x08, 0x83, 0x08, 0x83, 0x08, 0x83, 0x08, 0x83, 0x08, 0x83, 0x08, 0x83, 0x08,
    0x83, 0x08, 0x83, 0x08, 0x83, 0x08, 0x83, 0x08, 0x83, 0x08, 0x83, 0x08, 0x83, 0x08, 0x83, 0x08,
    0x83, 0x08, 0x83, 0x08, 0x83, 0x08, 0x83, 0x08, 0x83, 0x08, 0x83, 0x08, 0x83, 0x08, 0x83, 0x08,
    0x83, 0x08, 0x83, 0x08, 0x83, 0x08, 0x83, 0x08, 0x83, 0x08, 0x83, 0x08, 0x83, 0x08, 0x83, 0x08,
    0x7a, 0xce, 0x6e, 0x6b, 0x26, 0x21, 0xc4, 0x10, 0x26, 0x21, 0x66, 0x29, 0x46, 0x29, 0x46, 0x21,
    0xe5, 0x18, 0xc4, 0x18, 0x83, 0x10, 0x51, 0x8c, 0xff, 0xff, 0xff, 0xff, 0xfb, 0xe6, 0xdb, 0xde,
    0x3d, 0xef, 0x38, 0xce, 0x75, 0xb5, 0x9a, 0xd6, 0x96, 0xb5, 0x75, 0xb5, 0xba, 0xd6, 0x14, 0xa5,
    0xdb, 0xde, 0x6f, 0x94, 0xeb, 0x8b, 0x33, 0xad, 0xd1, 0x9c, 0x8f, 0x9c, 0xab, 0x83, 0x30, 0xb5,
    0x4a, 0xa4, 0xc9, 0x93, 0xa8, 0x5a, 0x14, 0xa5, 0x5d, 0xef, 0xbb, 0xde, 0x79, 0xd6, 0xfb, 0xde,
    0x83, 0x08, 0x83, 0x08, 0x83, 0x08, 0x83, 0x08, 0x83, 0x08, 0x83, 0x08, 0x83, 0x08, 0x83, 0x08,
    0x83, 0x08, 0x83, 0x08, 0x83, 0x08, 0x83, 0x08, 0x83, 0x08, 0x83, 0x08, 0x83, 0x08, 0x83, 0x08,
    0x83, 0x08, 0x83, 0x08, 0x83, 0x08, 0x83, 0x08, 0x83, 0x08, 0x83, 0x08, 0x83, 0x08, 0x83, 0x08,
    0x83, 0x08, 0x83, 0x08, 0x83, 0x08, 0x83, 0x08, 0x83, 0x08, 0x83, 0x08, 0x83, 0x08, 0x83, 0x08,
    0x83, 0x08, 0x83, 0x08, 0x83, 0x08, 0x83, 0x08, 0x83, 0x08, 0x83, 0x08, 0x83, 0x08, 0x83, 0x08,
    0x83, 0x08, 0x83, 0x08, 0x83, 0x08, 0x83, 0x08, 0x83, 0x08, 0x83, 0x08, 0x83, 0x08, 0x83, 0x08,
    0x83, 0x08, 0x83, 0x08, 0x83, 0x08, 0x83, 0x08, 0x83, 0x08, 0x83, 0x08, 0x83, 0x08, 0x83, 0x08,
    0x83, 0x08, 0x83, 0x08, 0x83, 0x08, 0x83, 0x08, 0x83, 0x08, 0x83, 0x08, 0x83, 0x08, 0x83, 0x08,
    0x83, 0x08, 0x83, 0x08, 0x83, 0x08, 0x83, 0x08, 0x83, 0x08, 0x83, 0x08, 0x83, 0x08, 0x83, 0x08,
    0x83, 0x08, 0x83, 0x08, 0x83, 0x08, 0x83, 0x08, 0x83, 0x08, 0x83, 0x08, 0x83, 0x08, 0x83, 0x08,
    0x83, 0x08, 0x83, 0x08, 0x79, 0xce, 0xaf, 0x73, 0x87, 0x29, 0xc4, 0x18, 0xe5, 0x18, 0x46, 0x21,
    0x67, 0x29, 0x67, 0x29, 0x46, 0x21, 0x66, 0x29, 0x51, 0x8c, 0x18, 0xc6, 0xec, 0x62, 0x83, 0x10,
    0xcb, 0x5a, 0xff, 0xff, 0xd7, 0xbd, 0xff, 0xff, 0x1c, 0xe7, 0x3c, 0xef, 0xff, 0xff, 0x3c, 0xef,
    0xdb, 0xde, 0x29, 0x73, 0x8b, 0x7b, 0xaa, 0x7b, 0x6f, 0x9c, 0x12, 0xad, 0x0e, 0x8c, 0x13, 0xad,
    0x54, 0xb5, 0x79, 0xd6, 0x14, 0xa5, 0x55, 0xb5, 0x9a, 0xd6, 0x83, 0x08, 0x83, 0x08, 0x83, 0x08,
    0x83, 0x08, 0x83, 0x08, 0x83, 0x08, 0x83, 0x08, 0x83, 0x08, 0x83, 0x08, 0x83, 0x08, 0x83, 0x08,
    0x83, 0x08, 0x83, 0x08, 0x83, 0x08, 0x83, 0x08, 0x83, 0x08, 0x83, 0x08, 0x83, 0x08, 0x83, 0x08,
    0x83, 0x08, 0x83, 0x08, 0x83, 0x08, 0x83, 0x08, 0x83, 0x08, 0x83, 0x08, 0x83, 0x08, 0x83, 0x08,
    0x83, 0x08, 0x83, 0x08, 0x83, 0x08, 0x83, 0x08, 0x83, 0x08, 0x83, 0x08, 0x83, 0x08, 0x83, 0x08,
    0x83, 0x08, 0x83, 0x08, 0x83, 0x08, 0x83, 0x08, 0x83, 0x08, 0x83, 0x08, 0x83, 0x08, 0x83, 0x08,
    0x83, 0x08, 0x83, 0x08, 0x83, 0x08, 0x83, 0x08, 0x83, 0x08, 0x83, 0x08, 0x83, 0x08, 0x83, 0x08,
    0x83, 0x08, 0x83, 0x08, 0x83, 0x08, 0x83, 0x08, 0x83, 0x08, 0x83, 0x08, 0x83, 0x08, 0x83, 0x08,
    0x83, 0x08, 0x83, 0x08, 0x83, 0x08, 0x83, 0x08, 0x83, 0x08, 0x83, 0x08, 0x83, 0x08, 0x83, 0x08,
    0x83, 0x08, 0x83, 0x08, 0x83, 0x08, 0x83, 0x08, 0x83, 0x08, 0x83, 0x08, 0x83, 0x08, 0x83, 0x08,
    0x83, 0x08, 0x83, 0x08, 0x83, 0x08, 0x83, 0x08, 0x83, 0x08, 0x83, 0x08, 0x83, 0x08, 0x83, 0x08,
    0x83, 0x08, 0x83, 0x08, 0x83, 0x08, 0x83, 0x08, 0x1c, 0xdf, 0xd3, 0x9c, 0x8b, 0x4a, 0x26, 0x21,
    0xc4, 0x10, 0xe5, 0x18, 0x26, 0x21, 0x26, 0x21, 0xe5, 0x18, 0xe5, 0x18, 0x05, 0x19, 0x25, 0x21,
    0xe8, 0x41, 0x75, 0xad, 0x34, 0xad, 0xff, 0xff, 0x51, 0x8c, 0x05, 0x21, 0x72, 0x8c, 0xff, 0xff,
    0xb3, 0x9c, 0x34, 0xa5, 0x9a, 0xd6, 0xb6, 0xbd, 0x3d, 0xef, 0xd7, 0xc5, 0x59, 0xce, 0x83, 0x08,
    0x83, 0x08, 0x83, 0x08, 0x83, 0x08, 0x1c, 0xe7, 0x83, 0x08, 0x83, 0x08, 0x83, 0x08, 0x83, 0x08,
    0x83, 0x08, 0x83, 0x08, 0x83, 0x08, 0x83, 0x08, 0x83, 0x08, 0x83, 0x08, 0x83, 0x08, 0x83, 0x08,
    0x83, 0x08, 0x83, 0x08, 0x83, 0x08, 0x83, 0x08, 0x83, 0x08, 0x83, 0x08, 0x83, 0x08, 0x83, 0x08,
    0x83, 0x08, 0x83, 0x08, 0x83, 0x08, 0x83, 0x08, 0x83, 0x08, 0x83, 0x08, 0x83, 0x08, 0x83, 0x08,
    0x83, 0x08, 0x83, 0x08, 0x83, 0x08, 0x83, 0x08, 0x83, 0x08, 0x83, 0x08, 0x83, 0x08, 0x83, 0x08,
    0x83, 0x08, 0x83, 0x08, 0x83, 0x08, 0x83, 0x08, 0x83, 0x08, 0x83, 0x08, 0x83, 0x08, 0x83, 0x08,
    0x83, 0x08, 0x83, 0x08, 0x83, 0x08, 0x83, 0x08, 0x83, 0x08, 0x83, 0x08, 0x83, 0x08, 0x83, 0x08,
    0x83, 0x08, 0x83, 0x08, 0x83, 0x08, 0x83, 0x08, 0x83, 0x08, 0x83, 0x08, 0x83, 0x08, 0x83, 0x08,
    0x83, 0x08, 0x83, 0x08, 0x83, 0x08, 0x83, 0x08, 0x83, 0x08, 0x83, 0x08, 0x83, 0x08, 0x83, 0x08,
    0x83, 0x08, 0x83, 0x08, 0x83, 0x08, 0x83, 0x08, 0x83, 0x08, 0x83, 0x08, 0x83, 0x08, 0x83, 0x08,
    0x83, 0x08, 0x83, 0x08, 0x83, 0x08, 0x83, 0x08, 0x83, 0x08, 0x83, 0x08, 0x83, 0x08, 0x83, 0x08,
    0x83, 0x08, 0x83, 0x08, 0x83, 0x08, 0x83, 0x08, 0x83, 0x08, 0x83, 0x08, 0x83, 0x08, 0x59, 0xce,
    0x92, 0x94, 0xec, 0x5a, 0xa7, 0x31, 0x05, 0x19, 0xe5, 0x18, 0xe5, 0x18, 0x05, 0x19, 0x06, 0x21,
    0x05, 0x21, 0x83, 0x10, 0xd3, 0x9c, 0x7d, 0xef, 0x6a, 0x4a, 0x22, 0x00, 0x4a, 0x4a, 0x10, 0x84,
    0x34, 0xad, 0xfb, 0xe6, 0x79, 0xd6, 0x3c, 0xef, 0x59, 0xd6, 0x18, 0xc6, 0x9a, 0xde, 0x83, 0x08,
    0x83, 0x08, 0x83, 0x08, 0x83, 0x08, 0x83, 0x08, 0x83, 0x08, 0x83, 0x08, 0x83, 0x08, 0x83, 0x08,
    0x83, 0x08, 0x83, 0x08, 0x83, 0x08, 0x83, 0x08, 0x83, 0x08, 0x83, 0x08, 0x83, 0x08, 0x83, 0x08,
    0x83, 0x08, 0x83, 0x08, 0x83, 0x08, 0x83, 0x08, 0x83, 0x08, 0x83, 0x08, 0x83, 0x08, 0x83, 0x08,
    0x83, 0x08, 0x83, 0x08, 0x83, 0x08, 0x83, 0x08, 0x83, 0x08, 0x83, 0x08, 0x83, 0x08, 0x83, 0x08,
    0x83, 0x08, 0x83, 0x08, 0x83, 0x08, 0x83, 0x08, 0x83, 0x08, 0x83, 0x08, 0x83, 0x08, 0x83, 0x08,
    0x83, 0x08, 0x83, 0x08, 0x83, 0x08, 0x83, 0x08, 0x83, 0x08, 0x83, 0x08, 0x83, 0x08, 0x83, 0x08,
    0x83, 0x08, 0x83, 0x08, 0x83, 0x08, 0x83, 0x08, 0x83, 0x08, 0x83, 0x08, 0x83, 0x08, 0x83, 0x08,
    0x83, 0x08, 0x83, 0x08, 0x83, 0x08, 0x83, 0x08, 0x83, 0x08, 0x83, 0x08, 0x83, 0x08, 0x83, 0x08,
    0x83, 0x08, 0x83, 0x08, 0x83, 0x08, 0x83, 0x08, 0x83, 0x08, 0x83, 0x08, 0x83, 0x08, 0x83, 0x08,
    0x83, 0x08, 0x83, 0x08, 0x83, 0x08, 0x83, 0x08, 0x83, 0x08, 0x83, 0x08, 0x83, 0x08, 0x83, 0x08,
    0x83, 0x08, 0x83, 0x08, 0x83, 0x08, 0x83, 0x08, 0x83, 0x08, 0x83, 0x08, 0x83, 0x08, 0x83, 0x08,
    0x83, 0x08, 0x83, 0x08, 0x83, 0x08, 0x83, 0x08, 0x83, 0x08, 0x83, 0x08, 0x83, 0x08, 0x83, 0x08,
    0x83, 0x08, 0x83, 0x08, 0x1c, 0xe7, 0xf8, 0xbd, 0xb3, 0x94, 0x6e, 0x6b, 0x8b, 0x4a, 0xe8, 0x39,
    0x87, 0x31, 0x66, 0x29, 0x25, 0x21, 0x46, 0x29, 0xc4, 0x18, 0xec, 0x5a, 0x92, 0x94, 0x71, 0x8c,
    0x83, 0x08, 0x79, 0xd6, 0xf7, 0xbd, 0x1b, 0xe7, 0xda, 0xde, 0x83, 0x08, 0x83, 0x08, 0x83, 0x08,
    0x83, 0x08, 0x83, 0x08, 0x83, 0x08, 0x83, 0x08, 0x83, 0x08, 0x83, 0x08, 0x83, 0x08, 0x83, 0x08,
    0x83, 0x08, 0x83, 0x08, 0x83, 0x08, 0x83, 0x08, 0x83, 0x08, 0x83, 0x08, 0x83, 0x08, 0x83, 0x08,
    0x83, 0x08, 0x83, 0x08, 0x83, 0x08, 0x83, 0x08, 0x83, 0x08, 0x83, 0x08, 0x83, 0x08, 0x83, 0x08,
    0x83, 0x08, 0x83, 0x08, 0x83, 0x08, 0x83, 0x08, 0x83, 0x08, 0x83, 0x08, 0x83, 0x08, 0x83, 0x08,
    0x83, 0x08, 0x83, 0x08, 0x83, 0x08, 0x83, 0x08, 0x83, 0x08, 0x83, 0x08, 0x83, 0x08, 0x83, 0x08,
    0x83, 0x08, 0x83, 0x08, 0x83, 0x08, 0x83, 0x08, 0x83, 0x08, 0x83, 0x08, 0x83, 0x08, 0x83, 0x08,
    0x83, 0x08, 0x83, 0x08, 0x83, 0x08, 0x83, 0x08, 0x83, 0x08, 0x83, 0x08, 0x83, 0x08, 0x83, 0x08,
    0x83, 0x08, 0x83, 0x08, 0x83, 0x08, 0x83, 0x08, 0x83, 0x08, 0x83, 0x08, 0x83, 0x08, 0x83, 0x08,
    0x83, 0x08, 0x83, 0x08, 0x83, 0x08, 0x83, 0x08, 0x83, 0x08, 0x83, 0x08, 0x83, 0x08, 0x83, 0x08,
    0x83, 0x08, 0x83, 0x08, 0x83, 0x08, 0x83, 0x08, 0x83, 0x08, 0x83, 0x08, 0x83, 0x08, 0x83, 0x08,
    0x83, 0x08, 0x83, 0x08, 0x83, 0x08, 0x83, 0x08, 0x83, 0x08, 0x83, 0x08, 0x83, 0x08, 0x83, 0x08,
    0x83, 0x08, 0x83, 0x08, 0x83, 0x08, 0x83, 0x08, 0x83, 0x08, 0x83, 0x08, 0x83, 0x08, 0x83, 0x08,
    0x83, 0x08, 0x83, 0x08, 0x83, 0x08, 0x83, 0x08, 0x83, 0x08, 0x83, 0x08, 0x83, 0x08, 0x83, 0x08,
    0xfc, 0xde, 0x9a, 0xd6, 0x59, 0xce, 0x38, 0xc6, 0x18, 0xc6, 0x83, 0x08, 0x1b, 0xe7, 0x83, 0x08,
    0x83, 0x08, 0x83, 0x08, 0x83, 0x08, 0x83, 0x08, 0x83, 0x08, 0x83, 0x08, 0x83, 0x08, 0x83, 0x08,
    0x83, 0x08, 0x83, 0x08, 0x83, 0x08, 0x83, 0x08, 0x83, 0x08, 0x83, 0x08, 0x83, 0x08, 0x83, 0x08,
    0x83, 0x08, 0x83, 0x08, 0x83, 0x08, 0x83, 0x08, 0x83, 0x08, 0x83, 0x08, 0x83, 0x08, 0x83, 0x08,
    0x83, 0x08, 0x83, 0x08, 0x83, 0x08, 0x83, 0x08, 0x83, 0x08, 0x83, 0x08, 0x83, 0x08, 0x83, 0x08,
    0x83, 0x08, 0x83, 0x08, 0x83, 0x08, 0x83, 0x08, 0x83, 0x08, 0x83, 0x08, 0x83, 0x08, 0x83, 0x08,
    0x83, 0x08, 0x83, 0x08, 0x83, 0x08, 0x83, 0x08, 0x83, 0x08, 0x83, 0x08, 0x83, 0x08, 0x83, 0x08,
    0x83, 0x08, 0x83, 0x08, 0x83, 0x08, 0x83, 0x08, 0x83, 0x08, 0x83, 0x08, 0x83, 0x08, 0x83, 0x08,
    0x83, 0x08, 0x83, 0x08, 0x83, 0x08, 0x83, 0x08, 0x83, 0x08, 0x83, 0x08, 0x83, 0x08, 0x83, 0x08,
    0x83, 0x08, 0x83, 0x08, 0x83, 0x08, 0x83, 0x08, 0x83, 0x08, 0x83, 0x08, 0x83, 0x08, 0x83, 0x08,
    0x83, 0x08, 0x83, 0x08, 0x83, 0x08, 0x83, 0x08, 0x83, 0x08, 0x83, 0x08, 0x83, 0x08, 0x83, 0x08,
    0x83, 0x08, 0x83, 0x08, 0x83, 0x08, 0x83, 0x08, 0x83, 0x08, 0x83, 0x08, 0x83, 0x08, 0x83, 0x08,
    0x83, 0x08, 0x83, 0x08, 0x83, 0x08, 0x83, 0x08, 0x83, 0x08, 0x83, 0x08, 0x83, 0x08, 0x83, 0x08,
    0x83, 0x08, 0x83, 0x08, 0x83, 0x08, 0x83, 0x08, 0x83, 0x08, 0x83, 0x08, 0x83, 0x08, 0x83, 0x08,
    0x83, 0x08, 0x83, 0x08, 0x83, 0x08, 0x83, 0x08, 0x83, 0x08, 0x83, 0x08, 0x83, 0x08, 0x83, 0x08,
    0x83, 0x08, 0x83, 0x08, 0x83, 0x08, 0x83, 0x08, 0x83, 0x08, 0x83, 0x08, 0x83, 0x08, 0x83, 0x08,
    0x83, 0x08, 0x83, 0x08, 0x83, 0x08, 0x83, 0x08, 0x83, 0x08, 0x83, 0x08, 0x83, 0x08, 0x83, 0x08,
    0x83, 0x08, 0x83, 0x08, 0x83, 0x08, 0x83, 0x08, 0x83, 0x08, 0x83, 0x08, 0x83, 0x08, 0x83, 0x08,
    0x83, 0x08, 0x83, 0x08, 0x83, 0x08, 0x83, 0x08, 0x83, 0x08, 0x83, 0x08, 0x83, 0x08, 0x83, 0x08,
    0x83, 0x08, 0x83, 0x08, 0x83, 0x08, 0x83, 0x08, 0x83, 0x08, 0x83, 0x08, 0x83, 0x08, 0x83, 0x08,
    0x83, 0x08, 0x83, 0x08, 0x83, 0x08, 0x83, 0x08, 0x83, 0x08, 0x83, 0x08, 0x83, 0x08, 0x83, 0x08,
    0x83, 0x08, 0x83, 0x08, 0x83, 0x08, 0x83, 0x08, 0x83, 0x08, 0x83, 0x08, 0x83, 0x08, 0x83, 0x08,
    0x83, 0x08, 0x83, 0x08, 0x83, 0x08, 0x83, 0x08, 0x83, 0x08, 0x83, 0x08, 0x83, 0x08, 0x83, 0x08,
    0x83, 0x08, 0x83, 0x08, 0x83, 0x08, 0x83, 0x08, 0x83, 0x08, 0x83, 0x08, 0x83, 0x08, 0x83, 0x08,
    0x83, 0x08, 0x83, 0x08, 0x83, 0x08, 0x83, 0x08, 0x83, 0x08, 0x83, 0x08, 0x83, 0x08, 0x83, 0x08,
    0x83, 0x08, 0x83, 0x08, 0x83, 0x08, 0x83, 0x08, 0x83, 0x08, 0x83, 0x08, 0x83, 0x08, 0x83, 0x08,
    0x83, 0x08, 0x83, 0x08, 0x83, 0x08, 0x83, 0x08, 0x83, 0x08, 0x83, 0x08, 0x83, 0x08, 0x83, 0x08,
    0x83, 0x08, 0x83, 0x08, 0x83, 0x08, 0x83, 0x08, 0x83, 0x08, 0x83, 0x08, 0x83, 0x08, 0x83, 0x08,
    0x83, 0x08, 0x83, 0x08, 0x83, 0x08, 0x83, 0x08, 0x83, 0x08, 0x83, 0x08, 0x83, 0x08, 0x83, 0x08,
    0x83, 0x08, 0x83, 0x08, 0x83, 0x08, 0x83, 0x08, 0x83, 0x08, 0x83, 0x08, 0x83, 0x08, 0x83, 0x08,
    0x83, 0x08, 0x83, 0x08, 0x83, 0x08, 0x83, 0x08, 0x83, 0x08, 0x83, 0x08, 0x83, 0x08, 0x83, 0x08,
    0x83, 0x08, 0x83, 0x08, 0x83, 0x08, 0x83, 0x08, 0x83, 0x08, 0x83, 0x08, 0x83, 0x08, 0x83, 0x08,
    0x83, 0x08, 0x83, 0x08, 0x83, 0x08, 0x83, 0x08, 0x83, 0x08, 0x83, 0x08, 0x83, 0x08, 0x83, 0x08,
    0x83, 0x08, 0x83, 0x08, 0x83, 0x08, 0x83, 0x08, 0x83, 0x08, 0x83, 0x08, 0x83, 0x08, 0x83, 0x08,
    0x83, 0x08, 0x83, 0x08, 0x83, 0x08, 0x83, 0x08, 0x83, 0x08, 0x83, 0x08, 0x83, 0x08, 0x83, 0x08,
    0x83, 0x08, 0x83, 0x08, 0x83, 0x08, 0x83, 0x08, 0x83, 0x08, 0x83, 0x08, 0x83, 0x08, 0x83, 0x08,
    0x83, 0x08, 0x83, 0x08, 0x83, 0x08, 0x83, 0x08, 0x83, 0x08, 0x83, 0x08, 0x83, 0x08, 0x83, 0x08,
    0x83, 0x08, 0x83, 0x08, 0x83, 0x08, 0x83, 0x08, 0x83, 0x08, 0x83, 0x08, 0x83, 0x08, 0x83, 0x08,
    0x83, 0x08, 0x83, 0x08, 0x83, 0x08, 0x83, 0x08, 0x83, 0x08, 0x83, 0x08, 0x83, 0x08, 0x83, 0x08,
    0x83, 0x08, 0x83, 0x08, 0x83, 0x08, 0x83, 0x08, 0x83, 0x08, 0x83, 0x08, 0x83, 0x08, 0x83, 0x08,
    0x83, 0x08, 0x83, 0x08, 0x83, 0x08, 0x83, 0x08, 0x83, 0x08, 0x83, 0x08, 0x83, 0x08, 0x83, 0x08,
    0x83, 0x08, 0x83, 0x08, 0x83, 0x08, 0x83, 0x08, 0x83, 0x08, 0x83, 0x08, 0x83, 0x08, 0x83, 0x08,
    0x83, 0x08, 0x83, 0x08, 0x83, 0x08, 0x83, 0x08, 0x83, 0x08, 0x83, 0x08, 0x83, 0x08, 0x83, 0x08,
    0x83, 0x08, 0x83, 0x08, 0x83, 0x08, 0x83, 0x08, 0x83, 0x08, 0x83, 0x08, 0x83, 0x08, 0x83, 0x08,
    0x83, 0x08, 0x83, 0x08, 0x83, 0x08, 0x83, 0x08, 0x83, 0x08, 0x83, 0x08, 0x83, 0x08, 0x83, 0x08,
    0x83, 0x08, 0x83, 0x08, 0x83, 0x08, 0x83, 0x08, 0x83, 0x08, 0x83, 0x08, 0x83, 0x08, 0x83, 0x08,
    0x83, 0x08, 0x83, 0x08, 0x83, 0x08, 0x83, 0x08, 0x83, 0x08, 0x83, 0x08, 0x83, 0x08, 0x83, 0x08,
    0x83, 0x08, 0x83, 0x08, 0x83, 0x08, 0x83, 0x08, 0x83, 0x08, 0x83, 0x08, 0x83, 0x08, 0x83, 0x08,
    0x83, 0x08, 0x83, 0x08, 0x83, 0x08, 0x83, 0x08, 0x83, 0x08, 0x83, 0x08, 0x83, 0x08, 0x83, 0x08,
    0x83, 0x08, 0x83, 0x08, 0x83, 0x08, 0x83, 0x08, 0x83, 0x08, 0x83, 0x08, 0x83, 0x08, 0x83, 0x08,
    0x83, 0x08, 0x83, 0x08, 0x83, 0x08, 0x83, 0x08, 0x83, 0x08, 0x83, 0x08, 0x83, 0x08, 0x83, 0x08,
    0x83, 0x08, 0x83, 0x08, 0x83, 0x08, 0x83, 0x08, 0x83, 0x08, 0x83, 0x08, 0x83, 0x08, 0x83, 0x08,
    0x83, 0x08, 0x83, 0x08, 0x83, 0x08, 0x83, 0x08, 0x83, 0x08, 0x83, 0x08, 0x83, 0x08, 0x83, 0x08,
    0x83, 0x08, 0x83, 0x08, 0x83, 0x08, 0x83, 0x08, 0x83, 0x08, 0x83, 0x08, 0x83, 0x08, 0x83, 0x08,
    0x83, 0x08, 0x83, 0x08, 0x83, 0x08, 0x83, 0x08, 0x83, 0x08, 0x83, 0x08, 0x83, 0x08, 0x83, 0x08,
    0x83, 0x08, 0x83, 0x08, 0x83, 0x08, 0x83, 0x08, 0x83, 0x08, 0x83, 0x08, 0x83, 0x08, 0x83, 0x08,
    0x83, 0x08, 0x83, 0x08, 0x83, 0x08, 0x83, 0x08, 0x83, 0x08, 0x83, 0x08, 0x83, 0x08, 0x83, 0x08,
    0x83, 0x08, 0x83, 0x08, 0x83, 0x08, 0x83, 0x08, 0x83, 0x08, 0x83, 0x08, 0x83, 0x08, 0x83, 0x08,
    0x83, 0x08, 0x83, 0x08, 0x83, 0x08, 0x83, 0x08, 0x83, 0x08, 0x83, 0x08, 0x83, 0x08, 0x83, 0x08,
    0x83, 0x08, 0x83, 0x08, 0x83, 0x08, 0x83, 0x08, 0x83, 0x08, 0x83, 0x08, 0x83, 0x08, 0x83, 0x08,
    0x83, 0x08, 0x83, 0x08, 0x83, 0x08, 0x83, 0x08, 0x83, 0x08, 0x83, 0x08, 0x83, 0x08, 0x83, 0x08,
    0x83, 0x08, 0x83, 0x08, 0x83, 0x08, 0x83, 0x08, 0x83, 0x08, 0x83, 0x08, 0x83, 0x08, 0x83, 0x08,
    0x83, 0x08, 0x83, 0x08, 0x83, 0x08, 0x83, 0x08, 0x83, 0x08, 0x83, 0x08, 0x83, 0x08, 0x83, 0x08,
    0x83, 0x08, 0x83, 0x08, 0x83, 0x08, 0x83, 0x08, 0x83, 0x08, 0x83, 0x08, 0x83, 0x08, 0x83, 0x08,
    0x83, 0x08, 0x83, 0x08, 0x83, 0x08, 0x83, 0x08, 0x83, 0x08, 0x83, 0x08, 0x83, 0x08, 0x83, 0x08,
    0x83, 0x08, 0x83, 0x08, 0x83, 0x08, 0x83, 0x08, 0x83, 0x08, 0x83, 0x08, 0x83, 0x08, 0x83, 0x08,
    0x83, 0x08, 0x83, 0x08, 0x83, 0x08, 0x83, 0x08, 0x83, 0x08, 0x83, 0x08, 0x83, 0x08, 0x83, 0x08,
    0x83, 0x08, 0x83, 0x08, 0x83, 0x08, 0x83, 0x08, 0x83, 0x08, 0x83, 0x08, 0x83, 0x08, 0x83, 0x08,
    0x83, 0x08, 0x83, 0x08, 0x83, 0x08, 0x83, 0x08, 0x83, 0x08, 0x83, 0x08, 0x83, 0x08, 0x83, 0x08,
    0x83, 0x08, 0x83, 0x08, 0x83, 0x08, 0x83, 0x08, 0x83, 0x08, 0x83, 0x08, 0x83, 0x08, 0x83, 0x08,
    0x83, 0x08, 0x83, 0x08, 0x83, 0x08, 0x83, 0x08, 0x83, 0x08, 0x83, 0x08, 0x83, 0x08, 0x83, 0x08,
    0x83, 0x08, 0x83, 0x08, 0x83, 0x08, 0x83, 0x08, 0x83, 0x08, 0x83, 0x08, 0x83, 0x08, 0x83, 0x08,
    0x83, 0x08, 0x83, 0x08, 0x83, 0x08, 0x83, 0x08, 0x83, 0x08, 0x83, 0x08, 0x83, 0x08, 0x83, 0x08,
    0x83, 0x08, 0x83, 0x08, 0x83, 0x08, 0x83, 0x08, 0x83, 0x08, 0x83, 0x08, 0x83, 0x08, 0x83, 0x08,
    0x83, 0x08, 0x83, 0x08, 0x83, 0x08, 0x83, 0x08, 0x83, 0x08, 0x83, 0x08, 0x83, 0x08, 0x83, 0x08,
    0x83, 0x08, 0x83, 0x08, 0x83, 0x08, 0x83, 0x08, 0x83, 0x08, 0x83, 0x08, 0x83, 0x08, 0x83, 0x08,
    0x83, 0x08, 0x83, 0x08, 0x83, 0x08, 0x83, 0x08, 0x83, 0x08, 0x83, 0x08, 0x83, 0x08, 0x83, 0x08,
    0x83, 0x08, 0x83, 0x08, 0x83, 0x08, 0x83, 0x08, 0x83, 0x08, 0x83, 0x08, 0x83, 0x08, 0x83, 0x08,
    0x83, 0x08, 0x83, 0x08, 0x83, 0x08, 0x83, 0x08, 0x83, 0x08, 0x83, 0x08, 0x83, 0x08, 0x83, 0x08,
    0x83, 0x08, 0x83, 0x08, 0x83, 0x08, 0x83, 0x08, 0x83, 0x08, 0x83, 0x08, 0x83, 0x08, 0x83, 0x08,
    0x83, 0x08, 0x83, 0x08, 0x83, 0x08, 0x83, 0x08, 0x83, 0x08, 0x83, 0x08, 0x83, 0x08, 0x83, 0x08,
    0x83, 0x08, 0x83, 0x08, 0x83, 0x08, 0x83, 0x08, 0x83, 0x08, 0x83, 0x08, 0x83, 0x08, 0x83, 0x08,
    0x83, 0x08, 0x83, 0x08, 0x83, 0x08, 0x83, 0x08, 0x83, 0x08, 0x83, 0x08, 0x83, 0x08, 0x83, 0x08,
    0x83, 0x08, 0x83, 0x08, 0x83, 0x08, 0x83, 0x08, 0x83, 0x08, 0x83, 0x08, 0x83, 0x08, 0x83, 0x08,
    0x83, 0x08, 0x83, 0x08, 0x83, 0x08, 0x83, 0x08, 0x83, 0x08, 0x83, 0x08, 0x83, 0x08, 0x83, 0x08,
    0x83, 0x08, 0x83, 0x08, 0x83, 0x08, 0x83, 0x08, 0x83, 0x08, 0x83, 0x08, 0x83, 0x08, 0x83, 0x08,
    0x83, 0x08, 0x83, 0x08, 0x83, 0x08, 0x83, 0x08, 0x83, 0x08, 0x83, 0x08, 0x83, 0x08, 0x83, 0x08,
    0x83, 0x08, 0x83, 0x08, 0x83, 0x08, 0x83, 0x08, 0x83, 0x08, 0x83, 0x08, 0x83, 0x08, 0x83, 0x08,
    0x83, 0x08, 0x83, 0x08, 0x83, 0x08, 0x83, 0x08, 0x83, 0x08, 0x83, 0x08, 0x83, 0x08, 0x83, 0x08,
    0x83, 0x08, 0x83, 0x08, 0x83, 0x08, 0x83, 0x08, 0x83, 0x08, 0x83, 0x08, 0x83, 0x08, 0x83, 0x08,
    0x83, 0x08, 0x83, 0x08, 0x83, 0x08, 0x83, 0x08, 0x83, 0x08, 0x83, 0x08, 0x83, 0x08, 0x83, 0x08,
    0x83, 0x08, 0x83, 0x08, 0x83, 0x08, 0x83, 0x08, 0x83, 0x08, 0x83, 0x08, 0x83, 0x08, 0x83, 0x08,
    0x83, 0x08, 0x83, 0x08, 0x83, 0x08, 0x83, 0x08, 0x83, 0x08, 0x83, 0x08, 0x83, 0x08, 0x83, 0x08,
    0x83, 0x08, 0x83, 0x08, 0x83, 0x08, 0x83, 0x08, 0x83, 0x08, 0x83, 0x08, 0x83, 0x08, 0x83, 0x08,
    0x83, 0x08, 0x83, 0x08, 0x83, 0x08, 0x83, 0x08, 0x83, 0x08, 0x83, 0x08, 0x83, 0x08, 0x83, 0x08,
    0x83, 0x08, 0x83, 0x08, 0x83, 0x08, 0x83, 0x08, 0x83, 0x08, 0x83, 0x08, 0x83, 0x08, 0x83, 0x08,
    0x83, 0x08, 0x83, 0x08, 0x83, 0x08, 0x83, 0x08, 0x83, 0x08, 0x83, 0x08, 0x83, 0x08, 0x83, 0x08,
    0x83, 0x08, 0x83, 0x08, 0x83, 0x08, 0x83, 0x08, 0x83, 0x08, 0x83, 0x08, 0x83, 0x08, 0x83, 0x08,
    0x83, 0x08, 0x83, 0x08, 0x83, 0x08, 0x83, 0x08, 0x83, 0x08, 0x83, 0x08, 0x83, 0x08, 0x83, 0x08,
    0x83, 0x08, 0x83, 0x08, 0x83, 0x08, 0x83, 0x08, 0x83, 0x08, 0x83, 0x08, 0x83, 0x08, 0x83, 0x08,
    0x83, 0x08, 0x83, 0x08, 0x83, 0x08, 0x83, 0x08, 0x83, 0x08, 0x83, 0x08, 0x83, 0x08, 0x83, 0x08,
    0x83, 0x08, 0x83, 0x08, 0x83, 0x08, 0x83, 0x08, 0x83, 0x08, 0x83, 0x08, 0x83, 0x08, 0x83, 0x08,
    0x83, 0x08, 0x83, 0x08, 0x83, 0x08, 0x83, 0x08, 0x83, 0x08, 0x83, 0x08, 0x83, 0x08, 0x83, 0x08,
    0x83, 0x08, 0x83, 0x08, 0x83, 0x08, 0x83, 0x08, 0x83, 0x08, 0x83, 0x08, 0x83, 0x08, 0x83, 0x08,
    0x83, 0x08, 0x83, 0x08, 0x83, 0x08, 0x83, 0x08, 0x83, 0x08, 0x83, 0x08, 0x83, 0x08, 0x83, 0x08,
    0x83, 0x08, 0x83, 0x08, 0x83, 0x08, 0x83, 0x08, 0x83, 0x08, 0x83, 0x08, 0x83, 0x08, 0x83, 0x08,
    0x83, 0x08, 0x83, 0x08, 0x83, 0x08, 0x83, 0x08, 0x83, 0x08, 0x83, 0x08, 0x83, 0x08, 0x83, 0x08,
    0x83, 0x08, 0x83, 0x08, 0x83, 0x08, 0x83, 0x08, 0x83, 0x08, 0x83, 0x08, 0x83, 0x08, 0x83, 0x08,
    0x83, 0x08, 0x83, 0x08, 0x83, 0x08, 0x83, 0x08, 0x83, 0x08, 0x83, 0x08, 0x83, 0x08, 0x83, 0x08,
    0x83, 0x08, 0x83, 0x08, 0x83, 0x08, 0x83, 0x08, 0x83, 0x08, 0x83, 0x08, 0x83, 0x08, 0x83, 0x08,
    0x83, 0x08, 0x83, 0x08, 0x83, 0x08, 0x83, 0x08, 0x83, 0x08, 0x83, 0x08, 0x83, 0x08, 0x83, 0x08,
    0x83, 0x08, 0x83, 0x08, 0x83, 0x08, 0x83, 0x08, 0x83, 0x08, 0x83, 0x08, 0x83, 0x08, 0x83, 0x08,
    0x83, 0x08, 0x83, 0x08, 0x83, 0x08, 0x83, 0x08, 0x83, 0x08, 0x83, 0x08, 0x83, 0x08, 0x83, 0x08,
    0x83, 0x08, 0x83, 0x08, 0x83, 0x08, 0x83, 0x08, 0x83, 0x08, 0x83, 0x08, 0x83, 0x08, 0x83, 0x08,
    0x83, 0x08, 0x83, 0x08, 0x83, 0x08, 0x83, 0x08, 0x83, 0x08, 0x83, 0x08, 0x83, 0x08, 0x83, 0x08,
    0x83, 0x08, 0x83, 0x08, 0x83, 0x08, 0x83, 0x08, 0x83, 0x08, 0x83, 0x08, 0x83, 0x08, 0x83, 0x08,
    0x83, 0x08, 0x83, 0x08, 0x83, 0x08, 0x83, 0x08, 0x83, 0x08, 0x83, 0x08, 0x83, 0x08, 0x83, 0x08,
    0x83, 0x08, 0x83, 0x08, 0x83, 0x08, 0x83, 0x08, 0x83, 0x08, 0x83, 0x08, 0x83, 0x08, 0x83, 0x08,
    0x83, 0x08, 0x83, 0x08, 0x83, 0x08, 0x83, 0x08, 0x83, 0x08, 0x83, 0x08, 0x83, 0x08, 0x83, 0x08,
    0x83, 0x08, 0x83, 0x08, 0x83, 0x08, 0x83, 0x08, 0x83, 0x08, 0x83, 0x08, 0x83, 0x08, 0x83, 0x08,
    0x83, 0x08, 0x83, 0x08, 0x83, 0x08, 0x83, 0x08, 0x83, 0x08, 0x83, 0x08, 0x83, 0x08, 0x83, 0x08,
    0x83, 0x08, 0x83, 0x08, 0x83, 0x08, 0x83, 0x08, 0x83, 0x08, 0x83, 0x08, 0x83, 0x08, 0x83, 0x08,
    0x83, 0x08, 0x83, 0x08, 0x83, 0x08, 0x83, 0x08, 0x83, 0x08, 0x83, 0x08, 0x83, 0x08, 0x83, 0x08,
    0x83, 0x08, 0x83, 0x08, 0x83, 0x08, 0x83, 0x08, 0x83, 0x08, 0x83, 0x08, 0x83, 0x08, 0x83, 0x08,
    0x83, 0x08, 0x83, 0x08, 0x83, 0x08, 0x83, 0x08, 0x83, 0x08, 0x83, 0x08, 0x83, 0x08, 0x83, 0x08,
    0x83, 0x08, 0x83, 0x08, 0x83, 0x08, 0x83, 0x08, 0x83, 0x08, 0x83, 0x08, 0x83, 0x08, 0x83, 0x08,
    0x83, 0x08, 0x83, 0x08, 0x83, 0x08, 0x83, 0x08, 0x83, 0x08, 0x83, 0x08, 0x83, 0x08, 0x83, 0x08,
    0x83, 0x08, 0x83, 0x08, 0x83, 0x08, 0x83, 0x08, 0x83, 0x08, 0x83, 0x08, 0x83, 0x08, 0x83, 0x08,
    0x83, 0x08, 0x83, 0x08, 0x83, 0x08, 0x83, 0x08, 0x83, 0x08, 0x83, 0x08, 0x83, 0x08, 0x83, 0x08,
    0x83, 0x08, 0x83, 0x08, 0x83, 0x08, 0x83, 0x08, 0x83, 0x08, 0x83, 0x08, 0x83, 0x08, 0x83, 0x08,
    0x83, 0x08, 0x83, 0x08, 0x83, 0x08, 0x83, 0x08, 0x83, 0x08, 0x83, 0x08, 0x83, 0x08, 0x83, 0x08,
    0x83, 0x08, 0x83, 0x08, 0x83, 0x08, 0x83, 0x08, 0x83, 0x08, 0x83, 0x08, 0x83, 0x08, 0x83, 0x08,
    0x83, 0x08, 0x83, 0x08, 0x83, 0x08, 0x83, 0x08, 0x83, 0x08, 0x83, 0x08, 0x83, 0x08, 0x83, 0x08,
    0x83, 0x08, 0x83, 0x08, 0x83, 0x08, 0x83, 0x08, 0x83, 0x08, 0x83, 0x08, 0x83, 0x08, 0x83, 0x08,
    0x83, 0x08, 0x83, 0x08, 0x83, 0x08, 0x83, 0x08, 0x83, 0x08, 0x83, 0x08, 0x83, 0x08, 0x83, 0x08,
    0x83, 0x08, 0x83, 0x08, 0x83, 0x08, 0x83, 0x08, 0x83, 0x08, 0x83, 0x08, 0x83, 0x08, 0x83, 0x08,
    0x83, 0x08, 0x83, 0x08, 0x83, 0x08, 0x83, 0x08, 0x83, 0x08, 0x83, 0x08, 0x83, 0x08, 0x83, 0x08,
    0x83, 0x08, 0x83, 0x08, 0x83, 0x08, 0x83, 0x08, 0x83, 0x08, 0x83, 0x08, 0x83, 0x08, 0x83, 0x08,
    0x83, 0x08, 0x83, 0x08, 0x83, 0x08, 0x83, 0x08, 0x83, 0x08, 0x83, 0x08, 0x83, 0x08, 0x83, 0x08,
    0x83, 0x08, 0x83, 0x08, 0x83, 0x08, 0x83, 0x08, 0x83, 0x08, 0x83, 0x08, 0x83, 0x08, 0x83, 0x08,
    0x83, 0x08, 0x83, 0x08, 0x83, 0x08, 0x83, 0x08, 0x83, 0x08, 0x83, 0x08, 0x83, 0x08, 0x83, 0x08,
    0x83, 0x08, 0x83, 0x08, 0x83, 0x08, 0x83, 0x08, 0x83, 0x08, 0x83, 0x08, 0x83, 0x08, 0x83, 0x08,
    0x83, 0x08, 0x83, 0x08, 0x83, 0x08, 0x83, 0x08, 0x83, 0x08, 0x83, 0x08, 0x83, 0x08, 0x83, 0x08,
    0x83, 0x08, 0x83, 0x08, 0x83, 0x08, 0x83, 0x08, 0x83, 0x08, 0x83, 0x08, 0x83, 0x08, 0x83, 0x08,
    0x83, 0x08, 0x83, 0x08, 0x83, 0x08, 0x83, 0x08, 0x83, 0x08, 0x83, 0x08, 0x83, 0x08, 0x83, 0x08,
    0x83, 0x08, 0x83, 0x08, 0x83, 0x08, 0x83, 0x08, 0x83, 0x08, 0x83, 0x08, 0x83, 0x08, 0x83, 0x08,
    0x83, 0x08, 0x83, 0x08, 0x83, 0x08, 0x83, 0x08, 0x83, 0x08, 0x83, 0x08, 0x83, 0x08, 0x83, 0x08,
    0x83, 0x08, 0x83, 0x08, 0x83, 0x08, 0x83, 0x08, 0x83, 0x08, 0x83, 0x08, 0x83, 0x08, 0x83, 0x08,
    0x83, 0x08, 0x83, 0x08, 0x83, 0x08, 0x83, 0x08, 0x83, 0x08, 0x83, 0x08, 0x83, 0x08, 0x83, 0x08,
    0x83, 0x08, 0x83, 0x08, 0x83, 0x08, 0x83, 0x08, 0x83, 0x08, 0x83, 0x08, 0x83, 0x08, 0x83, 0x08,
    0x83, 0x08, 0x83, 0x08, 0x83, 0x08, 0x83, 0x08, 0x83, 0x08, 0x83, 0x08, 0x83, 0x08, 0x83, 0x08,
    0x83, 0x08, 0x83, 0x08, 0x83, 0x08, 0x83, 0x08, 0x83, 0x08, 0x83, 0x08, 0x83, 0x08, 0x83, 0x08,
    0x83, 0x08, 0x83, 0x08, 0x83, 0x08, 0x83, 0x08, 0x83, 0x08, 0x83, 0x08, 0x83, 0x08, 0x83, 0x08,
    0x83, 0x08, 0x83, 0x08, 0x83, 0x08, 0x83, 0x08, 0x83, 0x08, 0x83, 0x08, 0x83, 0x08, 0x83, 0x08,
    0x83, 0x08, 0x83, 0x08, 0x83, 0x08, 0x83, 0x08, 0x83, 0x08, 0x83, 0x08, 0x83, 0x08, 0x83, 0x08,
    0x83, 0x08, 0x83, 0x08, 0x83, 0x08, 0x83, 0x08, 0x83, 0x08, 0x83, 0x08, 0x83, 0x08, 0x83, 0x08,
    0x83, 0x08, 0x83, 0x08, 0x83, 0x08, 0x83, 0x08, 0x83, 0x08, 0x83, 0x08, 0x83, 0x08, 0x83, 0x08,
    0x83, 0x08, 0x83, 0x08, 0x83, 0x08, 0x83, 0x08, 0x83, 0x08, 0x83, 0x08, 0x83, 0x08, 0x83, 0x08,
    0x83, 0x08, 0x83, 0x08, 0x83, 0x08, 0x83, 0x08, 0x83, 0x08, 0x83, 0x08, 0x83, 0x08, 0x83, 0x08,
    0x83, 0x08, 0x83, 0x08, 0x83, 0x08, 0x83, 0x08, 0x83, 0x08, 0x83, 0x08, 0x83, 0x08, 0x83, 0x08,
    0x83, 0x08, 0x83, 0x08, 0x83, 0x08, 0x83, 0x08, 0x83, 0x08, 0x83, 0x08, 0x83, 0x08, 0x83, 0x08,
    0x83, 0x08, 0x83, 0x08, 0x83, 0x08, 0x83, 0x08, 0x83, 0x08, 0x83, 0x08, 0x83, 0x08, 0x83, 0x08,
    0x83, 0x08, 0x83, 0x08, 0x83, 0x08, 0x83, 0x08, 0x83, 0x08, 0x83, 0x08, 0x83, 0x08, 0x83, 0x08,
    0x83, 0x08, 0x83, 0x08, 0x83, 0x08, 0x83, 0x08, 0x83, 0x08, 0x83, 0x08, 0x83, 0x08, 0x83, 0x08,
    0x83, 0x08, 0x83, 0x08, 0x83, 0x08, 0x83, 0x08, 0x83, 0x08, 0x83, 0x08, 0x83, 0x08, 0x83, 0x08,
    0x83, 0x08, 0x83, 0x08, 0x83, 0x08, 0x83, 0x08, 0x83, 0x08, 0x83, 0x08, 0x83, 0x08, 0x83, 0x08,
    0x83, 0x08, 0x83, 0x08, 0x83, 0x08, 0x83, 0x08, 0x83, 0x08, 0x83, 0x08, 0x83, 0x08, 0x83, 0x08,
    0x83, 0x08, 0x83, 0x08, 0x83, 0x08, 0x83, 0x08, 0x83, 0x08, 0x83, 0x08, 0x83, 0x08, 0x83, 0x08,
    0x83, 0x08, 0x83, 0x08, 0x83, 0x08, 0x83, 0x08, 0x83, 0x08, 0x83, 0x08, 0x83, 0x08, 0x83, 0x08,
    0x83, 0x08, 0x83, 0x08, 0x83, 0x08, 0x83, 0x08, 0x83, 0x08, 0x83, 0x08, 0x83, 0x08, 0x83, 0x08,
    0x83, 0x08, 0x83, 0x08, 0x83, 0x08, 0x83, 0x08, 0x83, 0x08, 0x83, 0x08, 0x83, 0x08, 0x83, 0x08,
    0x83, 0x08, 0x83, 0x08, 0x83, 0x08, 0x83, 0x08, 0x83, 0x08, 0x83, 0x08, 0x83, 0x08, 0x83, 0x08,
    0x83, 0x08, 0x83, 0x08, 0x83, 0x08, 0x83, 0x08, 0x83, 0x08, 0x83, 0x08, 0x83, 0x08, 0x83, 0x08,
    0x83, 0x08, 0x83, 0x08, 0x83, 0x08, 0x83, 0x08, 0x83, 0x08, 0x83, 0x08, 0x83, 0x08, 0x83, 0x08,
    0x83, 0x08, 0x83, 0x08, 0x83, 0x08, 0x83, 0x08, 0x83, 0x08, 0x83, 0x08, 0x83, 0x08, 0x83, 0x08,
    0x83, 0x08, 0x83, 0x08, 0x83, 0x08, 0x83, 0x08, 0x83, 0x08, 0x83, 0x08, 0x83, 0x08, 0x83, 0x08,
    0x83, 0x08, 0x83, 0x08, 0x83, 0x08, 0x83, 0x08, 0x83, 0x08, 0x83, 0x08, 0x83, 0x08, 0x83, 0x08,
    0x83, 0x08, 0x83, 0x08, 0x83, 0x08, 0x83, 0x08, 0x83, 0x08, 0x83, 0x08, 0x83, 0x08, 0x83, 0x08,
    0x83, 0x08, 0x83, 0x08, 0x83, 0x08, 0x83, 0x08, 0x83, 0x08, 0x83, 0x08, 0x83, 0x08, 0x83, 0x08,
    0x83, 0x08, 0x83, 0x08, 0x83, 0x08, 0x83, 0x08, 0x83, 0x08, 0x83, 0x08, 0x83, 0x08, 0x83, 0x08,
    0x83, 0x08, 0x83, 0x08, 0x83, 0x08, 0x83, 0x08, 0x83, 0x08, 0x83, 0x08, 0x83, 0x08, 0x83, 0x08,
    0x83, 0x08, 0x83, 0x08, 0x83, 0x08, 0x83, 0x08, 0x83, 0x08, 0x83, 0x08, 0x83, 0x08, 0x83, 0x08,
    0x83, 0x08, 0x83, 0x08, 0x83, 0x08, 0x83, 0x08, 0x83, 0x08, 0x83, 0x08, 0x83, 0x08, 0x83, 0x08,
    0x83, 0x08, 0x83, 0x08, 0x83, 0x08, 0x83, 0x08, 0x83, 0x08, 0x83, 0x08, 0x83, 0x08, 0x83, 0x08,
    0x83, 0x08, 0x83, 0x08, 0x83, 0x08, 0x83, 0x08, 0x83, 0x08, 0x83, 0x08, 0x83, 0x08, 0x83, 0x08,
    0x83, 0x08, 0x83, 0x08, 0x83, 0x08, 0x83, 0x08, 0x83, 0x08, 0x83, 0x08, 0x83, 0x08, 0x83, 0x08,
    0x83, 0x08, 0x83, 0x08, 0x83, 0x08, 0x83, 0x08, 0x83, 0x08, 0x83, 0x08, 0x83, 0x08, 0x83, 0x08,
    0x83, 0x08, 0x83, 0x08, 0x83, 0x08, 0x83, 0x08, 0x83, 0x08, 0x83, 0x08, 0x83, 0x08, 0x83, 0x08,
    0x83, 0x08, 0x83, 0x08, 0x83, 0x08, 0x83, 0x08, 0x83, 0x08, 0x83, 0x08, 0x83, 0x08, 0x83, 0x08,
    0x83, 0x08, 0x83, 0x08, 0x83, 0x08, 0x83, 0x08, 0x83, 0x08, 0x83, 0x08, 0x83, 0x08, 0x83, 0x08,
    0x83, 0x08, 0x83, 0x08, 0x83, 0x08, 0x83, 0x08, 0x83, 0x08, 0x83, 0x08, 0x83, 0x08, 0x83, 0x08,
    0x83, 0x08, 0x83, 0x08, 0x83, 0x08, 0x83, 0x08, 0x83, 0x08, 0x83, 0x08, 0x83, 0x08, 0x83, 0x08,
    0x83, 0x08, 0x83, 0x08, 0x83, 0x08, 0x83, 0x08, 0x83, 0x08, 0x83, 0x08, 0x83, 0x08, 0x83, 0x08,
    0x83, 0x08, 0x83, 0x08, 0x83, 0x08, 0x83, 0x08, 0x83, 0x08, 0x83, 0x08, 0x83, 0x08, 0x83, 0x08,
    0x83, 0x08, 0x83, 0x08, 0x83, 0x08, 0x83, 0x08, 0x83, 0x08, 0x83, 0x08, 0x83, 0x08, 0x83, 0x08,
    0x83, 0x08, 0x83, 0x08, 0x83, 0x08, 0x83, 0x08, 0x83, 0x08, 0x83, 0x08, 0x83, 0x08, 0x83, 0x08,
    0x83, 0x08, 0x83, 0x08, 0x83, 0x08, 0x83, 0x08, 0x83, 0x08, 0x83, 0x08, 0x83, 0x08, 0x83, 0x08,
    0x83, 0x08, 0x83, 0x08, 0x83, 0x08, 0x83, 0x08, 0x83, 0x08, 0x83, 0x08, 0x83, 0x08, 0x83, 0x08,
    0x83, 0x08, 0x83, 0x08, 0x83, 0x08, 0x83, 0x08, 0x83, 0x08, 0x83, 0x08, 0x83, 0x08, 0x83, 0x08,
    0x83, 0x08, 0x83, 0x08, 0x83, 0x08, 0x83, 0x08, 0x83, 0x08, 0x83, 0x08, 0x83, 0x08, 0x83, 0x08,
    0x83, 0x08, 0x83, 0x08, 0x83, 0x08, 0x83, 0x08, 0x83, 0x08, 0x83, 0x08, 0x83, 0x08, 0x83, 0x08,
    0x83, 0x08, 0x83, 0x08, 0x83, 0x08, 0x83, 0x08, 0x83, 0x08, 0x83, 0x08, 0x83, 0x08, 0x83, 0x08,
    0x83, 0x08, 0x83, 0x08, 0x83, 0x08, 0x83, 0x08, 0x83, 0x08, 0x83, 0x08, 0x83, 0x08, 0x83, 0x08,
    0x83, 0x08, 0x83, 0x08, 0x83, 0x08, 0x83, 0x08, 0x83, 0x08, 0x83, 0x08, 0x83, 0x08, 0x83, 0x08,
    0x83, 0x08, 0x83, 0x08, 0x83, 0x08, 0x83, 0x08, 0x83, 0x08, 0x83, 0x08, 0x83, 0x08, 0x83, 0x08,
    0x83, 0x08, 0x83, 0x08, 0x83, 0x08, 0x83, 0x08, 0x83, 0x08, 0x83, 0x08, 0x83, 0x08, 0x83, 0x08,
    0x83, 0x08, 0x83, 0x08, 0x83, 0x08, 0x83, 0x08, 0x83, 0x08, 0x83, 0x08, 0x83, 0x08, 0x83, 0x08,
    0x83, 0x08, 0x83, 0x08, 0x83, 0x08, 0x83, 0x08, 0x83, 0x08, 0x83, 0x08, 0x83, 0x08, 0x83, 0x08,
    0x83, 0x08, 0x83, 0x08, 0x83, 0x08, 0x83, 0x08, 0x83, 0x08, 0x83, 0x08, 0x83, 0x08, 0x83, 0x08,
    0x83, 0x08, 0x83, 0x08, 0x83, 0x08, 0x83, 0x08, 0x83, 0x08, 0x83, 0x08, 0x83, 0x08, 0x83, 0x08,
    0x83, 0x08, 0x83, 0x08, 0x83, 0x08, 0x83, 0x08, 0x83, 0x08, 0x83, 0x08, 0x83, 0x08, 0x83, 0x08,
    0x83, 0x08, 0x83, 0x08, 0x83, 0x08, 0x83, 0x08, 0x83, 0x08, 0x83, 0x08, 0x83, 0x08, 0x83, 0x08,
    0x83, 0x08, 0x83, 0x08, 0x83, 0x08, 0x83, 0x08, 0x83, 0x08, 0x83, 0x08, 0x83, 0x08, 0x83, 0x08,
    0x83, 0x08, 0x83, 0x08, 0x83, 0x08, 0x83, 0x08, 0x83, 0x08, 0x83, 0x08, 0x83, 0x08, 0x83, 0x08,
    0x83, 0x08, 0x83, 0x08, 0x83, 0x08, 0x83, 0x08, 0x83, 0x08, 0x83, 0x08, 0x83, 0x08, 0x83, 0x08,
    0x83, 0x08, 0x83, 0x08, 0x83, 0x08, 0x83, 0x08, 0x83, 0x08, 0x83, 0x08, 0x83, 0x08, 0x83, 0x08,
    0x83, 0x08, 0x83, 0x08, 0x83, 0x08, 0x83, 0x08, 0x83, 0x08, 0x83, 0x08, 0x83, 0x08, 0x83, 0x08,
    0x83, 0x08, 0x83, 0x08, 0x83, 0x08, 0x83, 0x08, 0x83, 0x08, 0x83, 0x08, 0x83, 0x08, 0x83, 0x08,
    0x83, 0x08, 0x83, 0x08, 0x83, 0x08, 0x83, 0x08, 0x83, 0x08, 0x83, 0x08, 0x83, 0x08, 0x83, 0x08,
    0x83, 0x08, 0x83, 0x08, 0x83, 0x08, 0x83, 0x08, 0x83, 0x08, 0x83, 0x08, 0x83, 0x08, 0x83, 0x08,
    0x83, 0x08, 0x83, 0x08, 0x83, 0x08, 0x83, 0x08, 0x83, 0x08, 0x83, 0x08, 0x83, 0x08, 0x83, 0x08,
    0x83, 0x08, 0x83, 0x08, 0x83, 0x08, 0x83, 0x08, 0x83, 0x08, 0x83, 0x08, 0x83, 0x08, 0x83, 0x08,
    0x83, 0x08, 0x83, 0x08, 0x83, 0x08, 0x83, 0x08, 0x83, 0x08, 0x83, 0x08, 0x83, 0x08, 0x83, 0x08,
    0x83, 0x08, 0x83, 0x08, 0x83, 0x08, 0x83, 0x08, 0x83, 0x08, 0x83, 0x08, 0x83, 0x08, 0x83, 0x08,
    0x83, 0x08, 0x83, 0x08, 0x83, 0x08, 0x83, 0x08, 0x83, 0x08, 0x83, 0x08, 0x83, 0x08, 0x83, 0x08,
    0x83, 0x08, 0x83, 0x08, 0x83, 0x08, 0x83, 0x08, 0x83, 0x08, 0x83, 0x08, 0x83, 0x08, 0x83, 0x08,
    0x83, 0x08, 0x83, 0x08, 0x83, 0x08, 0x83, 0x08, 0x83, 0x08, 0x83, 0x08, 0x83, 0x08, 0x83, 0x08,
    0x83, 0x08, 0x83, 0x08, 0x83, 0x08, 0x83, 0x08, 0x83, 0x08, 0x83, 0x08, 0x83, 0x08, 0x83, 0x08,
    0x83, 0x08, 0x83, 0x08, 0x83, 0x08, 0x83, 0x08, 0x83, 0x08, 0x83, 0x08, 0x83, 0x08, 0x83, 0x08,
    0x83, 0x08, 0x83, 0x08, 0x83, 0x08, 0x83, 0x08, 0x83, 0x08, 0x83, 0x08, 0x83, 0x08, 0x83, 0x08,
    0x83, 0x08, 0x83, 0x08, 0x83, 0x08, 0x83, 0x08, 0x83, 0x08, 0x83, 0x08, 0x83, 0x08, 0x83, 0x08,
    0x83, 0x08, 0x83, 0x08, 0x83, 0x08, 0x83, 0x08, 0x83, 0x08, 0x83, 0x08, 0x83, 0x08, 0x83, 0x08,
    0x83, 0x08, 0x83, 0x08, 0x83, 0x08, 0x83, 0x08, 0x83, 0x08, 0x83, 0x08, 0x83, 0x08, 0x83, 0x08,
    0x83, 0x08, 0x83, 0x08, 0x83, 0x08, 0x83, 0x08, 0x83, 0x08, 0x83, 0x08, 0x83, 0x08, 0x83, 0x08,
    0x83, 0x08, 0x83, 0x08, 0x83, 0x08, 0x83, 0x08, 0x83, 0x08, 0x83, 0x08, 0x83, 0x08, 0x83, 0x08,
    0x83, 0x08, 0x83, 0x08, 0x83, 0x08, 0x83, 0x08, 0x83, 0x08, 0x83, 0x08, 0x83, 0x08, 0x83, 0x08,
    0x83, 0x08, 0x83, 0x08, 0x83, 0x08, 0x83, 0x08, 0x83, 0x08, 0x83, 0x08, 0x83, 0x08, 0x83, 0x08,
    0x83, 0x08, 0x83, 0x08, 0x83, 0x08, 0x83, 0x08, 0x83, 0x08, 0x83, 0x08, 0x83, 0x08, 0x83, 0x08,
    0x83, 0x08, 0x83, 0x08, 0x83, 0x08, 0x83, 0x08, 0x83, 0x08, 0x83, 0x08, 0x83, 0x08, 0x83, 0x08,
    0x83, 0x08, 0x83, 0x08, 0x83, 0x08, 0x83, 0x08, 0x83, 0x08, 0x83, 0x08, 0x83, 0x08, 0x83, 0x08,
    0x83, 0x08, 0x83, 0x08, 0x83, 0x08, 0x83, 0x08, 0x83, 0x08, 0x83, 0x08, 0x83, 0x08, 0x83, 0x08,
    0x83, 0x08, 0x83, 0x08, 0x83, 0x08, 0x83, 0x08, 0x83, 0x08, 0x83, 0x08, 0x83, 0x08, 0x83, 0x08,
    0x83, 0x08, 0x83, 0x08, 0x83, 0x08, 0x83, 0x08, 0x83, 0x08, 0x83, 0x08, 0x83, 0x08, 0x83, 0x08,
    0x83, 0x08, 0x83, 0x08, 0x83, 0x08, 0x83, 0x08, 0x83, 0x08, 0x83, 0x08, 0x83, 0x08, 0x83, 0x08,
    0x83, 0x08, 0x83, 0x08, 0x83, 0x08, 0x83, 0x08, 0x83, 0x08, 0x83, 0x08, 0x83, 0x08, 0x83, 0x08,
    0x83, 0x08, 0x83, 0x08, 0x83, 0x08, 0x83, 0x08, 0x83, 0x08, 0x83, 0x08, 0x83, 0x08, 0x83, 0x08,
    0x83, 0x08, 0x83, 0x08, 0x83, 0x08, 0x83, 0x08, 0x83, 0x08, 0x83, 0x08, 0x83, 0x08, 0x83, 0x08,
    0x83, 0x08, 0x83, 0x08, 0x83, 0x08, 0x83, 0x08, 0x83, 0x08, 0x83, 0x08, 0x83, 0x08, 0x83, 0x08,
    0x83, 0x08, 0x83, 0x08, 0x83, 0x08, 0x83, 0x08, 0x83, 0x08, 0x83, 0x08, 0x83, 0x08, 0x83, 0x08,
    0x83, 0x08, 0x83, 0x08, 0x83, 0x08, 0x83, 0x08, 0x83, 0x08, 0x83, 0x08, 0x83, 0x08, 0x83, 0x08,
    0x83, 0x08, 0x83, 0x08, 0x83, 0x08, 0x83, 0x08, 0x83, 0x08, 0x83, 0x08, 0x83, 0x08, 0x83, 0x08,
    0x83, 0x08, 0x83, 0x08, 0x83, 0x08, 0x83, 0x08, 0x83, 0x08, 0x83, 0x08, 0x83, 0x08, 0x83, 0x08,
    0x83, 0x08, 0x83, 0x08, 0x83, 0x08, 0x83, 0x08, 0x83, 0x08, 0x83, 0x08, 0x83, 0x08, 0x83, 0x08,
    0x83, 0x08, 0x83, 0x08, 0x83, 0x08, 0x83, 0x08, 0x83, 0x08, 0x83, 0x08, 0x83, 0x08, 0x83, 0x08,
    0x83, 0x08, 0x83, 0x08, 0x83, 0x08, 0x83, 0x08, 0x83, 0x08, 0x83, 0x08, 0x83, 0x08, 0x83, 0x08,
    0x83, 0x08, 0x83, 0x08, 0x83, 0x08, 0x83, 0x08, 0x83, 0x08, 0x83, 0x08, 0x83, 0x08, 0x83, 0x08,
    0x83, 0x08, 0x83, 0x08, 0x83, 0x08, 0x83, 0x08, 0x83, 0x08, 0x83, 0x08, 0x83, 0x08, 0x83, 0x08,
    0x83, 0x08, 0x83, 0x08, 0x83, 0x08, 0x83, 0x08, 0x83, 0x08, 0x83, 0x08, 0x83, 0x08, 0x83, 0x08,
    0x83, 0x08, 0x83, 0x08, 0x83, 0x08, 0x83, 0x08, 0x83, 0x08, 0x83, 0x08, 0x83, 0x08, 0x83, 0x08,
    0x83, 0x08, 0x83, 0x08, 0x83, 0x08, 0x83, 0x08, 0x83, 0x08, 0x83, 0x08, 0x83, 0x08, 0x83, 0x08,
    0x83, 0x08, 0x83, 0x08, 0x83, 0x08, 0x83, 0x08, 0x83, 0x08, 0x83, 0x08, 0x83, 0x08, 0x83, 0x08,
    0x83, 0x08, 0x83, 0x08, 0x83, 0x08, 0x83, 0x08, 0x83, 0x08, 0x83, 0x08, 0x83, 0x08, 0x83, 0x08,
    0x83, 0x08, 0x83, 0x08, 0x83, 0x08, 0x83, 0x08, 0x83, 0x08, 0x83, 0x08, 0x83, 0x08, 0x83, 0x08,
};

const lv_image_dsc_t badge_avatar = {
    .header.magic = LV_IMAGE_HEADER_MAGIC,
    .header.cf = LV_COLOR_FORMAT_RGB565,
    .header.w = 120,
    .header.h = 120,
    .header.stride = 240,
    .data_size = sizeof(badge_avatar_map),
    .data = badge_avatar_map,
};
